2025-12-27 00:05:51,987 - INFO - ============Начало доказательства==============
2025-12-27 00:05:51,987 - INFO - Преобразованная формула: ((A → C) → ((B → C) → ((¬A → B) → C)))
2025-12-27 00:05:51,987 - DEBUG - Подставляем в аксиому (A → (B → A)) подстановку {'B': '¬A', 'A': '¬A'}. Результат: (¬A → (¬A → ¬A))
2025-12-27 00:05:51,987 - DEBUG - Подставляем в аксиому (A → (B → A)) подстановку {'B': '¬A', 'A': '(¬A → B)'}. Результат: ((¬A → B) → (¬A → (¬A → B)))
2025-12-27 00:05:51,987 - DEBUG - Подставляем в аксиому (A → (B → A)) подстановку {'B': '¬A', 'A': 'B'}. Результат: (B → (¬A → B))
2025-12-27 00:05:51,987 - DEBUG - Подставляем в аксиому (A → (B → A)) подстановку {'B': '¬A', 'A': '((¬A → B) → C)'}. Результат: (((¬A → B) → C) → (¬A → ((¬A → B) → C)))
2025-12-27 00:05:51,987 - DEBUG - Подставляем в аксиому (A → (B → A)) подстановку {'B': '¬A', 'A': '(B → C)'}. Результат: ((B → C) → (¬A → (B → C)))
2025-12-27 00:05:51,987 - DEBUG - Подставляем в аксиому (A → (B → A)) подстановку {'B': '¬A', 'A': 'C'}. Результат: (C → (¬A → C))
2025-12-27 00:05:51,987 - DEBUG - Подставляем в аксиому (A → (B → A)) подстановку {'B': '¬A', 'A': 'A'}. Результат: (A → (¬A → A))
2025-12-27 00:05:51,987 - DEBUG - Подставляем в аксиому (A → (B → A)) подстановку {'B': '¬A', 'A': '((B → C) → ((¬A → B) → C))'}. Результат: (((B → C) → ((¬A → B) → C)) → (¬A → ((B → C) → ((¬A → B) → C))))
2025-12-27 00:05:51,987 - DEBUG - Подставляем в аксиому (A → (B → A)) подстановку {'B': '¬A', 'A': '(A → C)'}. Результат: ((A → C) → (¬A → (A → C)))
2025-12-27 00:05:51,987 - DEBUG - Подставляем в аксиому (A → (B → A)) подстановку {'B': '¬A', 'A': '((A → C) → ((B → C) → ((¬A → B) → C)))'}. Результат: (((A → C) → ((B → C) → ((¬A → B) → C))) → (¬A → ((A → C) → ((B → C) → ((¬A → B) → C)))))
2025-12-27 00:05:51,987 - DEBUG - Подставляем в аксиому (A → (B → A)) подстановку {'B': '(¬A → B)', 'A': '¬A'}. Результат: (¬A → ((¬A → B) → ¬A))
2025-12-27 00:05:51,987 - DEBUG - Подставляем в аксиому (A → (B → A)) подстановку {'B': '(¬A → B)', 'A': '(¬A → B)'}. Результат: ((¬A → B) → ((¬A → B) → (¬A → B)))
2025-12-27 00:05:51,987 - DEBUG - Подставляем в аксиому (A → (B → A)) подстановку {'B': '(¬A → B)', 'A': 'B'}. Результат: (B → ((¬A → B) → B))
2025-12-27 00:05:51,987 - DEBUG - Подставляем в аксиому (A → (B → A)) подстановку {'B': '(¬A → B)', 'A': '((¬A → B) → C)'}. Результат: (((¬A → B) → C) → ((¬A → B) → ((¬A → B) → C)))
2025-12-27 00:05:51,988 - DEBUG - Подставляем в аксиому (A → (B → A)) подстановку {'B': '(¬A → B)', 'A': '(B → C)'}. Результат: ((B → C) → ((¬A → B) → (B → C)))
2025-12-27 00:05:51,988 - DEBUG - Подставляем в аксиому (A → (B → A)) подстановку {'B': '(¬A → B)', 'A': 'C'}. Результат: (C → ((¬A → B) → C))
2025-12-27 00:05:51,988 - DEBUG - Подставляем в аксиому (A → (B → A)) подстановку {'B': '(¬A → B)', 'A': 'A'}. Результат: (A → ((¬A → B) → A))
2025-12-27 00:05:51,988 - DEBUG - Подставляем в аксиому (A → (B → A)) подстановку {'B': '(¬A → B)', 'A': '((B → C) → ((¬A → B) → C))'}. Результат: (((B → C) → ((¬A → B) → C)) → ((¬A → B) → ((B → C) → ((¬A → B) → C))))
2025-12-27 00:05:51,988 - DEBUG - Подставляем в аксиому (A → (B → A)) подстановку {'B': '(¬A → B)', 'A': '(A → C)'}. Результат: ((A → C) → ((¬A → B) → (A → C)))
2025-12-27 00:05:51,988 - DEBUG - Подставляем в аксиому (A → (B → A)) подстановку {'B': '(¬A → B)', 'A': '((A → C) → ((B → C) → ((¬A → B) → C)))'}. Результат: (((A → C) → ((B → C) → ((¬A → B) → C))) → ((¬A → B) → ((A → C) → ((B → C) → ((¬A → B) → C)))))
2025-12-27 00:05:51,988 - DEBUG - Подставляем в аксиому (A → (B → A)) подстановку {'B': 'B', 'A': '¬A'}. Результат: (¬A → (B → ¬A))
2025-12-27 00:05:51,988 - DEBUG - Подставляем в аксиому (A → (B → A)) подстановку {'B': 'B', 'A': '(¬A → B)'}. Результат: ((¬A → B) → (B → (¬A → B)))
2025-12-27 00:05:51,988 - DEBUG - Подставляем в аксиому (A → (B → A)) подстановку {'B': 'B', 'A': 'B'}. Результат: (B → (B → B))
2025-12-27 00:05:51,988 - DEBUG - Подставляем в аксиому (A → (B → A)) подстановку {'B': 'B', 'A': '((¬A → B) → C)'}. Результат: (((¬A → B) → C) → (B → ((¬A → B) → C)))
2025-12-27 00:05:51,988 - DEBUG - Подставляем в аксиому (A → (B → A)) подстановку {'B': 'B', 'A': '(B → C)'}. Результат: ((B → C) → (B → (B → C)))
2025-12-27 00:05:51,988 - DEBUG - Подставляем в аксиому (A → (B → A)) подстановку {'B': 'B', 'A': 'C'}. Результат: (C → (B → C))
2025-12-27 00:05:51,988 - DEBUG - Подставляем в аксиому (A → (B → A)) подстановку {'B': 'B', 'A': 'A'}. Результат: (A → (B → A))
2025-12-27 00:05:51,988 - DEBUG - Подставляем в аксиому (A → (B → A)) подстановку {'B': 'B', 'A': '((B → C) → ((¬A → B) → C))'}. Результат: (((B → C) → ((¬A → B) → C)) → (B → ((B → C) → ((¬A → B) → C))))
2025-12-27 00:05:51,988 - DEBUG - Подставляем в аксиому (A → (B → A)) подстановку {'B': 'B', 'A': '(A → C)'}. Результат: ((A → C) → (B → (A → C)))
2025-12-27 00:05:51,988 - DEBUG - Подставляем в аксиому (A → (B → A)) подстановку {'B': 'B', 'A': '((A → C) → ((B → C) → ((¬A → B) → C)))'}. Результат: (((A → C) → ((B → C) → ((¬A → B) → C))) → (B → ((A → C) → ((B → C) → ((¬A → B) → C)))))
2025-12-27 00:05:51,988 - DEBUG - Подставляем в аксиому (A → (B → A)) подстановку {'B': '((¬A → B) → C)', 'A': '¬A'}. Результат: (¬A → (((¬A → B) → C) → ¬A))
2025-12-27 00:05:51,988 - DEBUG - Подставляем в аксиому (A → (B → A)) подстановку {'B': '((¬A → B) → C)', 'A': '(¬A → B)'}. Результат: ((¬A → B) → (((¬A → B) → C) → (¬A → B)))
2025-12-27 00:05:51,988 - DEBUG - Подставляем в аксиому (A → (B → A)) подстановку {'B': '((¬A → B) → C)', 'A': 'B'}. Результат: (B → (((¬A → B) → C) → B))
2025-12-27 00:05:51,988 - DEBUG - Подставляем в аксиому (A → (B → A)) подстановку {'B': '((¬A → B) → C)', 'A': '((¬A → B) → C)'}. Результат: (((¬A → B) → C) → (((¬A → B) → C) → ((¬A → B) → C)))
2025-12-27 00:05:51,988 - DEBUG - Подставляем в аксиому (A → (B → A)) подстановку {'B': '((¬A → B) → C)', 'A': '(B → C)'}. Результат: ((B → C) → (((¬A → B) → C) → (B → C)))
2025-12-27 00:05:51,988 - DEBUG - Подставляем в аксиому (A → (B → A)) подстановку {'B': '((¬A → B) → C)', 'A': 'C'}. Результат: (C → (((¬A → B) → C) → C))
2025-12-27 00:05:51,988 - DEBUG - Подставляем в аксиому (A → (B → A)) подстановку {'B': '((¬A → B) → C)', 'A': 'A'}. Результат: (A → (((¬A → B) → C) → A))
2025-12-27 00:05:51,988 - DEBUG - Подставляем в аксиому (A → (B → A)) подстановку {'B': '((¬A → B) → C)', 'A': '((B → C) → ((¬A → B) → C))'}. Результат: (((B → C) → ((¬A → B) → C)) → (((¬A → B) → C) → ((B → C) → ((¬A → B) → C))))
2025-12-27 00:05:51,988 - DEBUG - Подставляем в аксиому (A → (B → A)) подстановку {'B': '((¬A → B) → C)', 'A': '(A → C)'}. Результат: ((A → C) → (((¬A → B) → C) → (A → C)))
2025-12-27 00:05:51,988 - DEBUG - Подставляем в аксиому (A → (B → A)) подстановку {'B': '((¬A → B) → C)', 'A': '((A → C) → ((B → C) → ((¬A → B) → C)))'}. Результат: (((A → C) → ((B → C) → ((¬A → B) → C))) → (((¬A → B) → C) → ((A → C) → ((B → C) → ((¬A → B) → C)))))
2025-12-27 00:05:51,988 - DEBUG - Подставляем в аксиому (A → (B → A)) подстановку {'B': '(B → C)', 'A': '¬A'}. Результат: (¬A → ((B → C) → ¬A))
2025-12-27 00:05:51,988 - DEBUG - Подставляем в аксиому (A → (B → A)) подстановку {'B': '(B → C)', 'A': '(¬A → B)'}. Результат: ((¬A → B) → ((B → C) → (¬A → B)))
2025-12-27 00:05:51,988 - DEBUG - Подставляем в аксиому (A → (B → A)) подстановку {'B': '(B → C)', 'A': 'B'}. Результат: (B → ((B → C) → B))
2025-12-27 00:05:51,988 - DEBUG - Подставляем в аксиому (A → (B → A)) подстановку {'B': '(B → C)', 'A': '((¬A → B) → C)'}. Результат: (((¬A → B) → C) → ((B → C) → ((¬A → B) → C)))
2025-12-27 00:05:51,988 - DEBUG - Подставляем в аксиому (A → (B → A)) подстановку {'B': '(B → C)', 'A': '(B → C)'}. Результат: ((B → C) → ((B → C) → (B → C)))
2025-12-27 00:05:51,988 - DEBUG - Подставляем в аксиому (A → (B → A)) подстановку {'B': '(B → C)', 'A': 'C'}. Результат: (C → ((B → C) → C))
2025-12-27 00:05:51,988 - DEBUG - Подставляем в аксиому (A → (B → A)) подстановку {'B': '(B → C)', 'A': 'A'}. Результат: (A → ((B → C) → A))
2025-12-27 00:05:51,988 - DEBUG - Подставляем в аксиому (A → (B → A)) подстановку {'B': '(B → C)', 'A': '((B → C) → ((¬A → B) → C))'}. Результат: (((B → C) → ((¬A → B) → C)) → ((B → C) → ((B → C) → ((¬A → B) → C))))
2025-12-27 00:05:51,988 - DEBUG - Подставляем в аксиому (A → (B → A)) подстановку {'B': '(B → C)', 'A': '(A → C)'}. Результат: ((A → C) → ((B → C) → (A → C)))
2025-12-27 00:05:51,988 - DEBUG - Подставляем в аксиому (A → (B → A)) подстановку {'B': '(B → C)', 'A': '((A → C) → ((B → C) → ((¬A → B) → C)))'}. Результат: (((A → C) → ((B → C) → ((¬A → B) → C))) → ((B → C) → ((A → C) → ((B → C) → ((¬A → B) → C)))))
2025-12-27 00:05:51,988 - DEBUG - Подставляем в аксиому (A → (B → A)) подстановку {'B': 'C', 'A': '¬A'}. Результат: (¬A → (C → ¬A))
2025-12-27 00:05:51,988 - DEBUG - Подставляем в аксиому (A → (B → A)) подстановку {'B': 'C', 'A': '(¬A → B)'}. Результат: ((¬A → B) → (C → (¬A → B)))
2025-12-27 00:05:51,989 - DEBUG - Подставляем в аксиому (A → (B → A)) подстановку {'B': 'C', 'A': 'B'}. Результат: (B → (C → B))
2025-12-27 00:05:51,989 - DEBUG - Подставляем в аксиому (A → (B → A)) подстановку {'B': 'C', 'A': '((¬A → B) → C)'}. Результат: (((¬A → B) → C) → (C → ((¬A → B) → C)))
2025-12-27 00:05:51,989 - DEBUG - Подставляем в аксиому (A → (B → A)) подстановку {'B': 'C', 'A': '(B → C)'}. Результат: ((B → C) → (C → (B → C)))
2025-12-27 00:05:51,989 - DEBUG - Подставляем в аксиому (A → (B → A)) подстановку {'B': 'C', 'A': 'C'}. Результат: (C → (C → C))
2025-12-27 00:05:51,989 - DEBUG - Подставляем в аксиому (A → (B → A)) подстановку {'B': 'C', 'A': 'A'}. Результат: (A → (C → A))
2025-12-27 00:05:51,989 - DEBUG - Подставляем в аксиому (A → (B → A)) подстановку {'B': 'C', 'A': '((B → C) → ((¬A → B) → C))'}. Результат: (((B → C) → ((¬A → B) → C)) → (C → ((B → C) → ((¬A → B) → C))))
2025-12-27 00:05:51,989 - DEBUG - Подставляем в аксиому (A → (B → A)) подстановку {'B': 'C', 'A': '(A → C)'}. Результат: ((A → C) → (C → (A → C)))
2025-12-27 00:05:51,989 - DEBUG - Подставляем в аксиому (A → (B → A)) подстановку {'B': 'C', 'A': '((A → C) → ((B → C) → ((¬A → B) → C)))'}. Результат: (((A → C) → ((B → C) → ((¬A → B) → C))) → (C → ((A → C) → ((B → C) → ((¬A → B) → C)))))
2025-12-27 00:05:51,989 - DEBUG - Подставляем в аксиому (A → (B → A)) подстановку {'B': 'A', 'A': '¬A'}. Результат: (¬A → (A → ¬A))
2025-12-27 00:05:51,989 - DEBUG - Подставляем в аксиому (A → (B → A)) подстановку {'B': 'A', 'A': '(¬A → B)'}. Результат: ((¬A → B) → (A → (¬A → B)))
2025-12-27 00:05:51,989 - DEBUG - Подставляем в аксиому (A → (B → A)) подстановку {'B': 'A', 'A': 'B'}. Результат: (B → (A → B))
2025-12-27 00:05:51,989 - DEBUG - Подставляем в аксиому (A → (B → A)) подстановку {'B': 'A', 'A': '((¬A → B) → C)'}. Результат: (((¬A → B) → C) → (A → ((¬A → B) → C)))
2025-12-27 00:05:51,989 - DEBUG - Подставляем в аксиому (A → (B → A)) подстановку {'B': 'A', 'A': '(B → C)'}. Результат: ((B → C) → (A → (B → C)))
2025-12-27 00:05:51,989 - DEBUG - Подставляем в аксиому (A → (B → A)) подстановку {'B': 'A', 'A': 'C'}. Результат: (C → (A → C))
2025-12-27 00:05:51,989 - DEBUG - Подставляем в аксиому (A → (B → A)) подстановку {'B': 'A', 'A': 'A'}. Результат: (A → (A → A))
2025-12-27 00:05:51,989 - DEBUG - Подставляем в аксиому (A → (B → A)) подстановку {'B': 'A', 'A': '((B → C) → ((¬A → B) → C))'}. Результат: (((B → C) → ((¬A → B) → C)) → (A → ((B → C) → ((¬A → B) → C))))
2025-12-27 00:05:51,989 - DEBUG - Подставляем в аксиому (A → (B → A)) подстановку {'B': 'A', 'A': '(A → C)'}. Результат: ((A → C) → (A → (A → C)))
2025-12-27 00:05:51,989 - DEBUG - Подставляем в аксиому (A → (B → A)) подстановку {'B': 'A', 'A': '((A → C) → ((B → C) → ((¬A → B) → C)))'}. Результат: (((A → C) → ((B → C) → ((¬A → B) → C))) → (A → ((A → C) → ((B → C) → ((¬A → B) → C)))))
2025-12-27 00:05:51,989 - DEBUG - Подставляем в аксиому (A → (B → A)) подстановку {'B': '((B → C) → ((¬A → B) → C))', 'A': '¬A'}. Результат: (¬A → (((B → C) → ((¬A → B) → C)) → ¬A))
2025-12-27 00:05:51,989 - DEBUG - Подставляем в аксиому (A → (B → A)) подстановку {'B': '((B → C) → ((¬A → B) → C))', 'A': '(¬A → B)'}. Результат: ((¬A → B) → (((B → C) → ((¬A → B) → C)) → (¬A → B)))
2025-12-27 00:05:51,989 - DEBUG - Подставляем в аксиому (A → (B → A)) подстановку {'B': '((B → C) → ((¬A → B) → C))', 'A': 'B'}. Результат: (B → (((B → C) → ((¬A → B) → C)) → B))
2025-12-27 00:05:51,989 - DEBUG - Подставляем в аксиому (A → (B → A)) подстановку {'B': '((B → C) → ((¬A → B) → C))', 'A': '((¬A → B) → C)'}. Результат: (((¬A → B) → C) → (((B → C) → ((¬A → B) → C)) → ((¬A → B) → C)))
2025-12-27 00:05:51,989 - DEBUG - Подставляем в аксиому (A → (B → A)) подстановку {'B': '((B → C) → ((¬A → B) → C))', 'A': '(B → C)'}. Результат: ((B → C) → (((B → C) → ((¬A → B) → C)) → (B → C)))
2025-12-27 00:05:51,989 - DEBUG - Подставляем в аксиому (A → (B → A)) подстановку {'B': '((B → C) → ((¬A → B) → C))', 'A': 'C'}. Результат: (C → (((B → C) → ((¬A → B) → C)) → C))
2025-12-27 00:05:51,989 - DEBUG - Подставляем в аксиому (A → (B → A)) подстановку {'B': '((B → C) → ((¬A → B) → C))', 'A': 'A'}. Результат: (A → (((B → C) → ((¬A → B) → C)) → A))
2025-12-27 00:05:51,989 - DEBUG - Подставляем в аксиому (A → (B → A)) подстановку {'B': '((B → C) → ((¬A → B) → C))', 'A': '((B → C) → ((¬A → B) → C))'}. Результат: (((B → C) → ((¬A → B) → C)) → (((B → C) → ((¬A → B) → C)) → ((B → C) → ((¬A → B) → C))))
2025-12-27 00:05:51,989 - DEBUG - Подставляем в аксиому (A → (B → A)) подстановку {'B': '((B → C) → ((¬A → B) → C))', 'A': '(A → C)'}. Результат: ((A → C) → (((B → C) → ((¬A → B) → C)) → (A → C)))
2025-12-27 00:05:51,989 - DEBUG - Подставляем в аксиому (A → (B → A)) подстановку {'B': '((B → C) → ((¬A → B) → C))', 'A': '((A → C) → ((B → C) → ((¬A → B) → C)))'}. Результат: (((A → C) → ((B → C) → ((¬A → B) → C))) → (((B → C) → ((¬A → B) → C)) → ((A → C) → ((B → C) → ((¬A → B) → C)))))
2025-12-27 00:05:51,989 - DEBUG - Подставляем в аксиому (A → (B → A)) подстановку {'B': '(A → C)', 'A': '¬A'}. Результат: (¬A → ((A → C) → ¬A))
2025-12-27 00:05:51,989 - DEBUG - Подставляем в аксиому (A → (B → A)) подстановку {'B': '(A → C)', 'A': '(¬A → B)'}. Результат: ((¬A → B) → ((A → C) → (¬A → B)))
2025-12-27 00:05:51,989 - DEBUG - Подставляем в аксиому (A → (B → A)) подстановку {'B': '(A → C)', 'A': 'B'}. Результат: (B → ((A → C) → B))
2025-12-27 00:05:51,989 - DEBUG - Подставляем в аксиому (A → (B → A)) подстановку {'B': '(A → C)', 'A': '((¬A → B) → C)'}. Результат: (((¬A → B) → C) → ((A → C) → ((¬A → B) → C)))
2025-12-27 00:05:51,989 - DEBUG - Подставляем в аксиому (A → (B → A)) подстановку {'B': '(A → C)', 'A': '(B → C)'}. Результат: ((B → C) → ((A → C) → (B → C)))
2025-12-27 00:05:51,989 - DEBUG - Подставляем в аксиому (A → (B → A)) подстановку {'B': '(A → C)', 'A': 'C'}. Результат: (C → ((A → C) → C))
2025-12-27 00:05:51,989 - DEBUG - Подставляем в аксиому (A → (B → A)) подстановку {'B': '(A → C)', 'A': 'A'}. Результат: (A → ((A → C) → A))
2025-12-27 00:05:51,989 - DEBUG - Подставляем в аксиому (A → (B → A)) подстановку {'B': '(A → C)', 'A': '((B → C) → ((¬A → B) → C))'}. Результат: (((B → C) → ((¬A → B) → C)) → ((A → C) → ((B → C) → ((¬A → B) → C))))
2025-12-27 00:05:51,989 - DEBUG - Подставляем в аксиому (A → (B → A)) подстановку {'B': '(A → C)', 'A': '(A → C)'}. Результат: ((A → C) → ((A → C) → (A → C)))
2025-12-27 00:05:51,990 - DEBUG - Подставляем в аксиому (A → (B → A)) подстановку {'B': '(A → C)', 'A': '((A → C) → ((B → C) → ((¬A → B) → C)))'}. Результат: (((A → C) → ((B → C) → ((¬A → B) → C))) → ((A → C) → ((A → C) → ((B → C) → ((¬A → B) → C)))))
2025-12-27 00:05:51,990 - DEBUG - Подставляем в аксиому (A → (B → A)) подстановку {'B': '((A → C) → ((B → C) → ((¬A → B) → C)))', 'A': '¬A'}. Результат: (¬A → (((A → C) → ((B → C) → ((¬A → B) → C))) → ¬A))
2025-12-27 00:05:51,990 - DEBUG - Подставляем в аксиому (A → (B → A)) подстановку {'B': '((A → C) → ((B → C) → ((¬A → B) → C)))', 'A': '(¬A → B)'}. Результат: ((¬A → B) → (((A → C) → ((B → C) → ((¬A → B) → C))) → (¬A → B)))
2025-12-27 00:05:51,990 - DEBUG - Подставляем в аксиому (A → (B → A)) подстановку {'B': '((A → C) → ((B → C) → ((¬A → B) → C)))', 'A': 'B'}. Результат: (B → (((A → C) → ((B → C) → ((¬A → B) → C))) → B))
2025-12-27 00:05:51,990 - DEBUG - Подставляем в аксиому (A → (B → A)) подстановку {'B': '((A → C) → ((B → C) → ((¬A → B) → C)))', 'A': '((¬A → B) → C)'}. Результат: (((¬A → B) → C) → (((A → C) → ((B → C) → ((¬A → B) → C))) → ((¬A → B) → C)))
2025-12-27 00:05:51,990 - DEBUG - Подставляем в аксиому (A → (B → A)) подстановку {'B': '((A → C) → ((B → C) → ((¬A → B) → C)))', 'A': '(B → C)'}. Результат: ((B → C) → (((A → C) → ((B → C) → ((¬A → B) → C))) → (B → C)))
2025-12-27 00:05:51,990 - DEBUG - Подставляем в аксиому (A → (B → A)) подстановку {'B': '((A → C) → ((B → C) → ((¬A → B) → C)))', 'A': 'C'}. Результат: (C → (((A → C) → ((B → C) → ((¬A → B) → C))) → C))
2025-12-27 00:05:51,990 - DEBUG - Подставляем в аксиому (A → (B → A)) подстановку {'B': '((A → C) → ((B → C) → ((¬A → B) → C)))', 'A': 'A'}. Результат: (A → (((A → C) → ((B → C) → ((¬A → B) → C))) → A))
2025-12-27 00:05:51,990 - DEBUG - Подставляем в аксиому (A → (B → A)) подстановку {'B': '((A → C) → ((B → C) → ((¬A → B) → C)))', 'A': '((B → C) → ((¬A → B) → C))'}. Результат: (((B → C) → ((¬A → B) → C)) → (((A → C) → ((B → C) → ((¬A → B) → C))) → ((B → C) → ((¬A → B) → C))))
2025-12-27 00:05:51,990 - DEBUG - Подставляем в аксиому (A → (B → A)) подстановку {'B': '((A → C) → ((B → C) → ((¬A → B) → C)))', 'A': '(A → C)'}. Результат: ((A → C) → (((A → C) → ((B → C) → ((¬A → B) → C))) → (A → C)))
2025-12-27 00:05:51,990 - DEBUG - Подставляем в аксиому (A → (B → A)) подстановку {'B': '((A → C) → ((B → C) → ((¬A → B) → C)))', 'A': '((A → C) → ((B → C) → ((¬A → B) → C)))'}. Результат: (((A → C) → ((B → C) → ((¬A → B) → C))) → (((A → C) → ((B → C) → ((¬A → B) → C))) → ((A → C) → ((B → C) → ((¬A → B) → C)))))
2025-12-27 00:05:51,990 - DEBUG - Подставляем в аксиому ((A → (B → C)) → ((A → B) → (A → C))) подстановку {'A': '¬A', 'B': '¬A', 'C': '¬A'}. Результат: ((¬A → (¬A → ¬A)) → ((¬A → ¬A) → (¬A → ¬A)))
2025-12-27 00:05:51,990 - DEBUG - Подставляем в аксиому ((A → (B → C)) → ((A → B) → (A → C))) подстановку {'A': '¬A', 'B': '¬A', 'C': '(¬A → B)'}. Результат: ((¬A → (¬A → (¬A → B))) → ((¬A → ¬A) → (¬A → (¬A → B))))
2025-12-27 00:05:51,990 - DEBUG - Подставляем в аксиому ((A → (B → C)) → ((A → B) → (A → C))) подстановку {'A': '¬A', 'B': '¬A', 'C': 'B'}. Результат: ((¬A → (¬A → B)) → ((¬A → ¬A) → (¬A → B)))
2025-12-27 00:05:51,990 - DEBUG - Подставляем в аксиому ((A → (B → C)) → ((A → B) → (A → C))) подстановку {'A': '¬A', 'B': '¬A', 'C': '((¬A → B) → C)'}. Результат: ((¬A → (¬A → ((¬A → B) → C))) → ((¬A → ¬A) → (¬A → ((¬A → B) → C))))
2025-12-27 00:05:51,990 - DEBUG - Подставляем в аксиому ((A → (B → C)) → ((A → B) → (A → C))) подстановку {'A': '¬A', 'B': '¬A', 'C': '(B → C)'}. Результат: ((¬A → (¬A → (B → C))) → ((¬A → ¬A) → (¬A → (B → C))))
2025-12-27 00:05:51,990 - DEBUG - Подставляем в аксиому ((A → (B → C)) → ((A → B) → (A → C))) подстановку {'A': '¬A', 'B': '¬A', 'C': 'C'}. Результат: ((¬A → (¬A → C)) → ((¬A → ¬A) → (¬A → C)))
2025-12-27 00:05:51,990 - DEBUG - Подставляем в аксиому ((A → (B → C)) → ((A → B) → (A → C))) подстановку {'A': '¬A', 'B': '¬A', 'C': 'A'}. Результат: ((¬A → (¬A → A)) → ((¬A → ¬A) → (¬A → A)))
2025-12-27 00:05:51,990 - DEBUG - Подставляем в аксиому ((A → (B → C)) → ((A → B) → (A → C))) подстановку {'A': '¬A', 'B': '¬A', 'C': '((B → C) → ((¬A → B) → C))'}. Результат: ((¬A → (¬A → ((B → C) → ((¬A → B) → C)))) → ((¬A → ¬A) → (¬A → ((B → C) → ((¬A → B) → C)))))
2025-12-27 00:05:51,990 - DEBUG - Подставляем в аксиому ((A → (B → C)) → ((A → B) → (A → C))) подстановку {'A': '¬A', 'B': '¬A', 'C': '(A → C)'}. Результат: ((¬A → (¬A → (A → C))) → ((¬A → ¬A) → (¬A → (A → C))))
2025-12-27 00:05:51,990 - DEBUG - Подставляем в аксиому ((A → (B → C)) → ((A → B) → (A → C))) подстановку {'A': '¬A', 'B': '¬A', 'C': '((A → C) → ((B → C) → ((¬A → B) → C)))'}. Результат: ((¬A → (¬A → ((A → C) → ((B → C) → ((¬A → B) → C))))) → ((¬A → ¬A) → (¬A → ((A → C) → ((B → C) → ((¬A → B) → C))))))
2025-12-27 00:05:51,990 - DEBUG - Подставляем в аксиому ((A → (B → C)) → ((A → B) → (A → C))) подстановку {'A': '¬A', 'B': '(¬A → B)', 'C': '¬A'}. Результат: ((¬A → ((¬A → B) → ¬A)) → ((¬A → (¬A → B)) → (¬A → ¬A)))
2025-12-27 00:05:51,990 - DEBUG - Подставляем в аксиому ((A → (B → C)) → ((A → B) → (A → C))) подстановку {'A': '¬A', 'B': '(¬A → B)', 'C': '(¬A → B)'}. Результат: ((¬A → ((¬A → B) → (¬A → B))) → ((¬A → (¬A → B)) → (¬A → (¬A → B))))
2025-12-27 00:05:51,991 - DEBUG - Подставляем в аксиому ((A → (B → C)) → ((A → B) → (A → C))) подстановку {'A': '¬A', 'B': '(¬A → B)', 'C': 'B'}. Результат: ((¬A → ((¬A → B) → B)) → ((¬A → (¬A → B)) → (¬A → B)))
2025-12-27 00:05:51,991 - DEBUG - Подставляем в аксиому ((A → (B → C)) → ((A → B) → (A → C))) подстановку {'A': '¬A', 'B': '(¬A → B)', 'C': '((¬A → B) → C)'}. Результат: ((¬A → ((¬A → B) → ((¬A → B) → C))) → ((¬A → (¬A → B)) → (¬A → ((¬A → B) → C))))
2025-12-27 00:05:51,991 - DEBUG - Подставляем в аксиому ((A → (B → C)) → ((A → B) → (A → C))) подстановку {'A': '¬A', 'B': '(¬A → B)', 'C': '(B → C)'}. Результат: ((¬A → ((¬A → B) → (B → C))) → ((¬A → (¬A → B)) → (¬A → (B → C))))
2025-12-27 00:05:51,991 - DEBUG - Подставляем в аксиому ((A → (B → C)) → ((A → B) → (A → C))) подстановку {'A': '¬A', 'B': '(¬A → B)', 'C': 'C'}. Результат: ((¬A → ((¬A → B) → C)) → ((¬A → (¬A → B)) → (¬A → C)))
2025-12-27 00:05:51,991 - DEBUG - Подставляем в аксиому ((A → (B → C)) → ((A → B) → (A → C))) подстановку {'A': '¬A', 'B': '(¬A → B)', 'C': 'A'}. Результат: ((¬A → ((¬A → B) → A)) → ((¬A → (¬A → B)) → (¬A → A)))
2025-12-27 00:05:51,991 - DEBUG - Подставляем в аксиому ((A → (B → C)) → ((A → B) → (A → C))) подстановку {'A': '¬A', 'B': '(¬A → B)', 'C': '((B → C) → ((¬A → B) → C))'}. Результат: ((¬A → ((¬A → B) → ((B → C) → ((¬A → B) → C)))) → ((¬A → (¬A → B)) → (¬A → ((B → C) → ((¬A → B) → C)))))
2025-12-27 00:05:51,991 - DEBUG - Подставляем в аксиому ((A → (B → C)) → ((A → B) → (A → C))) подстановку {'A': '¬A', 'B': '(¬A → B)', 'C': '(A → C)'}. Результат: ((¬A → ((¬A → B) → (A → C))) → ((¬A → (¬A → B)) → (¬A → (A → C))))
2025-12-27 00:05:51,991 - DEBUG - Подставляем в аксиому ((A → (B → C)) → ((A → B) → (A → C))) подстановку {'A': '¬A', 'B': '(¬A → B)', 'C': '((A → C) → ((B → C) → ((¬A → B) → C)))'}. Результат: ((¬A → ((¬A → B) → ((A → C) → ((B → C) → ((¬A → B) → C))))) → ((¬A → (¬A → B)) → (¬A → ((A → C) → ((B → C) → ((¬A → B) → C))))))
2025-12-27 00:05:51,991 - DEBUG - Подставляем в аксиому ((A → (B → C)) → ((A → B) → (A → C))) подстановку {'A': '¬A', 'B': 'B', 'C': '¬A'}. Результат: ((¬A → (B → ¬A)) → ((¬A → B) → (¬A → ¬A)))
2025-12-27 00:05:51,991 - DEBUG - Подставляем в аксиому ((A → (B → C)) → ((A → B) → (A → C))) подстановку {'A': '¬A', 'B': 'B', 'C': '(¬A → B)'}. Результат: ((¬A → (B → (¬A → B))) → ((¬A → B) → (¬A → (¬A → B))))
2025-12-27 00:05:51,991 - DEBUG - Подставляем в аксиому ((A → (B → C)) → ((A → B) → (A → C))) подстановку {'A': '¬A', 'B': 'B', 'C': 'B'}. Результат: ((¬A → (B → B)) → ((¬A → B) → (¬A → B)))
2025-12-27 00:05:51,991 - DEBUG - Подставляем в аксиому ((A → (B → C)) → ((A → B) → (A → C))) подстановку {'A': '¬A', 'B': 'B', 'C': '((¬A → B) → C)'}. Результат: ((¬A → (B → ((¬A → B) → C))) → ((¬A → B) → (¬A → ((¬A → B) → C))))
2025-12-27 00:05:51,991 - DEBUG - Подставляем в аксиому ((A → (B → C)) → ((A → B) → (A → C))) подстановку {'A': '¬A', 'B': 'B', 'C': '(B → C)'}. Результат: ((¬A → (B → (B → C))) → ((¬A → B) → (¬A → (B → C))))
2025-12-27 00:05:51,991 - DEBUG - Подставляем в аксиому ((A → (B → C)) → ((A → B) → (A → C))) подстановку {'A': '¬A', 'B': 'B', 'C': 'C'}. Результат: ((¬A → (B → C)) → ((¬A → B) → (¬A → C)))
2025-12-27 00:05:51,991 - DEBUG - Подставляем в аксиому ((A → (B → C)) → ((A → B) → (A → C))) подстановку {'A': '¬A', 'B': 'B', 'C': 'A'}. Результат: ((¬A → (B → A)) → ((¬A → B) → (¬A → A)))
2025-12-27 00:05:51,991 - DEBUG - Подставляем в аксиому ((A → (B → C)) → ((A → B) → (A → C))) подстановку {'A': '¬A', 'B': 'B', 'C': '((B → C) → ((¬A → B) → C))'}. Результат: ((¬A → (B → ((B → C) → ((¬A → B) → C)))) → ((¬A → B) → (¬A → ((B → C) → ((¬A → B) → C)))))
2025-12-27 00:05:51,992 - DEBUG - Подставляем в аксиому ((A → (B → C)) → ((A → B) → (A → C))) подстановку {'A': '¬A', 'B': 'B', 'C': '(A → C)'}. Результат: ((¬A → (B → (A → C))) → ((¬A → B) → (¬A → (A → C))))
2025-12-27 00:05:51,992 - DEBUG - Подставляем в аксиому ((A → (B → C)) → ((A → B) → (A → C))) подстановку {'A': '¬A', 'B': 'B', 'C': '((A → C) → ((B → C) → ((¬A → B) → C)))'}. Результат: ((¬A → (B → ((A → C) → ((B → C) → ((¬A → B) → C))))) → ((¬A → B) → (¬A → ((A → C) → ((B → C) → ((¬A → B) → C))))))
2025-12-27 00:05:51,992 - DEBUG - Подставляем в аксиому ((A → (B → C)) → ((A → B) → (A → C))) подстановку {'A': '¬A', 'B': '((¬A → B) → C)', 'C': '¬A'}. Результат: ((¬A → (((¬A → B) → C) → ¬A)) → ((¬A → ((¬A → B) → C)) → (¬A → ¬A)))
2025-12-27 00:05:51,992 - DEBUG - Подставляем в аксиому ((A → (B → C)) → ((A → B) → (A → C))) подстановку {'A': '¬A', 'B': '((¬A → B) → C)', 'C': '(¬A → B)'}. Результат: ((¬A → (((¬A → B) → C) → (¬A → B))) → ((¬A → ((¬A → B) → C)) → (¬A → (¬A → B))))
2025-12-27 00:05:51,992 - DEBUG - Подставляем в аксиому ((A → (B → C)) → ((A → B) → (A → C))) подстановку {'A': '¬A', 'B': '((¬A → B) → C)', 'C': 'B'}. Результат: ((¬A → (((¬A → B) → C) → B)) → ((¬A → ((¬A → B) → C)) → (¬A → B)))
2025-12-27 00:05:51,992 - DEBUG - Подставляем в аксиому ((A → (B → C)) → ((A → B) → (A → C))) подстановку {'A': '¬A', 'B': '((¬A → B) → C)', 'C': '((¬A → B) → C)'}. Результат: ((¬A → (((¬A → B) → C) → ((¬A → B) → C))) → ((¬A → ((¬A → B) → C)) → (¬A → ((¬A → B) → C))))
2025-12-27 00:05:51,992 - DEBUG - Подставляем в аксиому ((A → (B → C)) → ((A → B) → (A → C))) подстановку {'A': '¬A', 'B': '((¬A → B) → C)', 'C': '(B → C)'}. Результат: ((¬A → (((¬A → B) → C) → (B → C))) → ((¬A → ((¬A → B) → C)) → (¬A → (B → C))))
2025-12-27 00:05:51,992 - DEBUG - Подставляем в аксиому ((A → (B → C)) → ((A → B) → (A → C))) подстановку {'A': '¬A', 'B': '((¬A → B) → C)', 'C': 'C'}. Результат: ((¬A → (((¬A → B) → C) → C)) → ((¬A → ((¬A → B) → C)) → (¬A → C)))
2025-12-27 00:05:51,992 - DEBUG - Подставляем в аксиому ((A → (B → C)) → ((A → B) → (A → C))) подстановку {'A': '¬A', 'B': '((¬A → B) → C)', 'C': 'A'}. Результат: ((¬A → (((¬A → B) → C) → A)) → ((¬A → ((¬A → B) → C)) → (¬A → A)))
2025-12-27 00:05:51,992 - DEBUG - Подставляем в аксиому ((A → (B → C)) → ((A → B) → (A → C))) подстановку {'A': '¬A', 'B': '((¬A → B) → C)', 'C': '((B → C) → ((¬A → B) → C))'}. Результат: ((¬A → (((¬A → B) → C) → ((B → C) → ((¬A → B) → C)))) → ((¬A → ((¬A → B) → C)) → (¬A → ((B → C) → ((¬A → B) → C)))))
2025-12-27 00:05:51,992 - DEBUG - Подставляем в аксиому ((A → (B → C)) → ((A → B) → (A → C))) подстановку {'A': '¬A', 'B': '((¬A → B) → C)', 'C': '(A → C)'}. Результат: ((¬A → (((¬A → B) → C) → (A → C))) → ((¬A → ((¬A → B) → C)) → (¬A → (A → C))))
2025-12-27 00:05:51,992 - DEBUG - Подставляем в аксиому ((A → (B → C)) → ((A → B) → (A → C))) подстановку {'A': '¬A', 'B': '((¬A → B) → C)', 'C': '((A → C) → ((B → C) → ((¬A → B) → C)))'}. Результат: ((¬A → (((¬A → B) → C) → ((A → C) → ((B → C) → ((¬A → B) → C))))) → ((¬A → ((¬A → B) → C)) → (¬A → ((A → C) → ((B → C) → ((¬A → B) → C))))))
2025-12-27 00:05:51,992 - DEBUG - Подставляем в аксиому ((A → (B → C)) → ((A → B) → (A → C))) подстановку {'A': '¬A', 'B': '(B → C)', 'C': '¬A'}. Результат: ((¬A → ((B → C) → ¬A)) → ((¬A → (B → C)) → (¬A → ¬A)))
2025-12-27 00:05:51,992 - DEBUG - Подставляем в аксиому ((A → (B → C)) → ((A → B) → (A → C))) подстановку {'A': '¬A', 'B': '(B → C)', 'C': '(¬A → B)'}. Результат: ((¬A → ((B → C) → (¬A → B))) → ((¬A → (B → C)) → (¬A → (¬A → B))))
2025-12-27 00:05:51,992 - DEBUG - Подставляем в аксиому ((A → (B → C)) → ((A → B) → (A → C))) подстановку {'A': '¬A', 'B': '(B → C)', 'C': 'B'}. Результат: ((¬A → ((B → C) → B)) → ((¬A → (B → C)) → (¬A → B)))
2025-12-27 00:05:51,992 - DEBUG - Подставляем в аксиому ((A → (B → C)) → ((A → B) → (A → C))) подстановку {'A': '¬A', 'B': '(B → C)', 'C': '((¬A → B) → C)'}. Результат: ((¬A → ((B → C) → ((¬A → B) → C))) → ((¬A → (B → C)) → (¬A → ((¬A → B) → C))))
2025-12-27 00:05:51,993 - DEBUG - Подставляем в аксиому ((A → (B → C)) → ((A → B) → (A → C))) подстановку {'A': '¬A', 'B': '(B → C)', 'C': '(B → C)'}. Результат: ((¬A → ((B → C) → (B → C))) → ((¬A → (B → C)) → (¬A → (B → C))))
2025-12-27 00:05:51,993 - DEBUG - Подставляем в аксиому ((A → (B → C)) → ((A → B) → (A → C))) подстановку {'A': '¬A', 'B': '(B → C)', 'C': 'C'}. Результат: ((¬A → ((B → C) → C)) → ((¬A → (B → C)) → (¬A → C)))
2025-12-27 00:05:51,993 - DEBUG - Подставляем в аксиому ((A → (B → C)) → ((A → B) → (A → C))) подстановку {'A': '¬A', 'B': '(B → C)', 'C': 'A'}. Результат: ((¬A → ((B → C) → A)) → ((¬A → (B → C)) → (¬A → A)))
2025-12-27 00:05:51,993 - DEBUG - Подставляем в аксиому ((A → (B → C)) → ((A → B) → (A → C))) подстановку {'A': '¬A', 'B': '(B → C)', 'C': '((B → C) → ((¬A → B) → C))'}. Результат: ((¬A → ((B → C) → ((B → C) → ((¬A → B) → C)))) → ((¬A → (B → C)) → (¬A → ((B → C) → ((¬A → B) → C)))))
2025-12-27 00:05:51,993 - DEBUG - Подставляем в аксиому ((A → (B → C)) → ((A → B) → (A → C))) подстановку {'A': '¬A', 'B': '(B → C)', 'C': '(A → C)'}. Результат: ((¬A → ((B → C) → (A → C))) → ((¬A → (B → C)) → (¬A → (A → C))))
2025-12-27 00:05:51,993 - DEBUG - Подставляем в аксиому ((A → (B → C)) → ((A → B) → (A → C))) подстановку {'A': '¬A', 'B': '(B → C)', 'C': '((A → C) → ((B → C) → ((¬A → B) → C)))'}. Результат: ((¬A → ((B → C) → ((A → C) → ((B → C) → ((¬A → B) → C))))) → ((¬A → (B → C)) → (¬A → ((A → C) → ((B → C) → ((¬A → B) → C))))))
2025-12-27 00:05:51,993 - DEBUG - Подставляем в аксиому ((A → (B → C)) → ((A → B) → (A → C))) подстановку {'A': '¬A', 'B': 'C', 'C': '¬A'}. Результат: ((¬A → (C → ¬A)) → ((¬A → C) → (¬A → ¬A)))
2025-12-27 00:05:51,993 - DEBUG - Подставляем в аксиому ((A → (B → C)) → ((A → B) → (A → C))) подстановку {'A': '¬A', 'B': 'C', 'C': '(¬A → B)'}. Результат: ((¬A → (C → (¬A → B))) → ((¬A → C) → (¬A → (¬A → B))))
2025-12-27 00:05:51,993 - DEBUG - Подставляем в аксиому ((A → (B → C)) → ((A → B) → (A → C))) подстановку {'A': '¬A', 'B': 'C', 'C': 'B'}. Результат: ((¬A → (C → B)) → ((¬A → C) → (¬A → B)))
2025-12-27 00:05:51,993 - DEBUG - Подставляем в аксиому ((A → (B → C)) → ((A → B) → (A → C))) подстановку {'A': '¬A', 'B': 'C', 'C': '((¬A → B) → C)'}. Результат: ((¬A → (C → ((¬A → B) → C))) → ((¬A → C) → (¬A → ((¬A → B) → C))))
2025-12-27 00:05:51,993 - DEBUG - Подставляем в аксиому ((A → (B → C)) → ((A → B) → (A → C))) подстановку {'A': '¬A', 'B': 'C', 'C': '(B → C)'}. Результат: ((¬A → (C → (B → C))) → ((¬A → C) → (¬A → (B → C))))
2025-12-27 00:05:51,993 - DEBUG - Подставляем в аксиому ((A → (B → C)) → ((A → B) → (A → C))) подстановку {'A': '¬A', 'B': 'C', 'C': 'C'}. Результат: ((¬A → (C → C)) → ((¬A → C) → (¬A → C)))
2025-12-27 00:05:51,993 - DEBUG - Подставляем в аксиому ((A → (B → C)) → ((A → B) → (A → C))) подстановку {'A': '¬A', 'B': 'C', 'C': 'A'}. Результат: ((¬A → (C → A)) → ((¬A → C) → (¬A → A)))
2025-12-27 00:05:51,993 - DEBUG - Подставляем в аксиому ((A → (B → C)) → ((A → B) → (A → C))) подстановку {'A': '¬A', 'B': 'C', 'C': '((B → C) → ((¬A → B) → C))'}. Результат: ((¬A → (C → ((B → C) → ((¬A → B) → C)))) → ((¬A → C) → (¬A → ((B → C) → ((¬A → B) → C)))))
2025-12-27 00:05:51,993 - DEBUG - Подставляем в аксиому ((A → (B → C)) → ((A → B) → (A → C))) подстановку {'A': '¬A', 'B': 'C', 'C': '(A → C)'}. Результат: ((¬A → (C → (A → C))) → ((¬A → C) → (¬A → (A → C))))
2025-12-27 00:05:51,993 - DEBUG - Подставляем в аксиому ((A → (B → C)) → ((A → B) → (A → C))) подстановку {'A': '¬A', 'B': 'C', 'C': '((A → C) → ((B → C) → ((¬A → B) → C)))'}. Результат: ((¬A → (C → ((A → C) → ((B → C) → ((¬A → B) → C))))) → ((¬A → C) → (¬A → ((A → C) → ((B → C) → ((¬A → B) → C))))))
2025-12-27 00:05:51,993 - DEBUG - Подставляем в аксиому ((A → (B → C)) → ((A → B) → (A → C))) подстановку {'A': '¬A', 'B': 'A', 'C': '¬A'}. Результат: ((¬A → (A → ¬A)) → ((¬A → A) → (¬A → ¬A)))
2025-12-27 00:05:51,993 - DEBUG - Подставляем в аксиому ((A → (B → C)) → ((A → B) → (A → C))) подстановку {'A': '¬A', 'B': 'A', 'C': '(¬A → B)'}. Результат: ((¬A → (A → (¬A → B))) → ((¬A → A) → (¬A → (¬A → B))))
2025-12-27 00:05:51,993 - DEBUG - Подставляем в аксиому ((A → (B → C)) → ((A → B) → (A → C))) подстановку {'A': '¬A', 'B': 'A', 'C': 'B'}. Результат: ((¬A → (A → B)) → ((¬A → A) → (¬A → B)))
2025-12-27 00:05:51,993 - DEBUG - Подставляем в аксиому ((A → (B → C)) → ((A → B) → (A → C))) подстановку {'A': '¬A', 'B': 'A', 'C': '((¬A → B) → C)'}. Результат: ((¬A → (A → ((¬A → B) → C))) → ((¬A → A) → (¬A → ((¬A → B) → C))))
2025-12-27 00:05:51,994 - DEBUG - Подставляем в аксиому ((A → (B → C)) → ((A → B) → (A → C))) подстановку {'A': '¬A', 'B': 'A', 'C': '(B → C)'}. Результат: ((¬A → (A → (B → C))) → ((¬A → A) → (¬A → (B → C))))
2025-12-27 00:05:51,994 - DEBUG - Подставляем в аксиому ((A → (B → C)) → ((A → B) → (A → C))) подстановку {'A': '¬A', 'B': 'A', 'C': 'C'}. Результат: ((¬A → (A → C)) → ((¬A → A) → (¬A → C)))
2025-12-27 00:05:51,994 - DEBUG - Подставляем в аксиому ((A → (B → C)) → ((A → B) → (A → C))) подстановку {'A': '¬A', 'B': 'A', 'C': 'A'}. Результат: ((¬A → (A → A)) → ((¬A → A) → (¬A → A)))
2025-12-27 00:05:51,994 - DEBUG - Подставляем в аксиому ((A → (B → C)) → ((A → B) → (A → C))) подстановку {'A': '¬A', 'B': 'A', 'C': '((B → C) → ((¬A → B) → C))'}. Результат: ((¬A → (A → ((B → C) → ((¬A → B) → C)))) → ((¬A → A) → (¬A → ((B → C) → ((¬A → B) → C)))))
2025-12-27 00:05:51,994 - DEBUG - Подставляем в аксиому ((A → (B → C)) → ((A → B) → (A → C))) подстановку {'A': '¬A', 'B': 'A', 'C': '(A → C)'}. Результат: ((¬A → (A → (A → C))) → ((¬A → A) → (¬A → (A → C))))
2025-12-27 00:05:51,994 - DEBUG - Подставляем в аксиому ((A → (B → C)) → ((A → B) → (A → C))) подстановку {'A': '¬A', 'B': 'A', 'C': '((A → C) → ((B → C) → ((¬A → B) → C)))'}. Результат: ((¬A → (A → ((A → C) → ((B → C) → ((¬A → B) → C))))) → ((¬A → A) → (¬A → ((A → C) → ((B → C) → ((¬A → B) → C))))))
2025-12-27 00:05:51,994 - DEBUG - Подставляем в аксиому ((A → (B → C)) → ((A → B) → (A → C))) подстановку {'A': '¬A', 'B': '((B → C) → ((¬A → B) → C))', 'C': '¬A'}. Результат: ((¬A → (((B → C) → ((¬A → B) → C)) → ¬A)) → ((¬A → ((B → C) → ((¬A → B) → C))) → (¬A → ¬A)))
2025-12-27 00:05:51,994 - DEBUG - Подставляем в аксиому ((A → (B → C)) → ((A → B) → (A → C))) подстановку {'A': '¬A', 'B': '((B → C) → ((¬A → B) → C))', 'C': '(¬A → B)'}. Результат: ((¬A → (((B → C) → ((¬A → B) → C)) → (¬A → B))) → ((¬A → ((B → C) → ((¬A → B) → C))) → (¬A → (¬A → B))))
2025-12-27 00:05:51,994 - DEBUG - Подставляем в аксиому ((A → (B → C)) → ((A → B) → (A → C))) подстановку {'A': '¬A', 'B': '((B → C) → ((¬A → B) → C))', 'C': 'B'}. Результат: ((¬A → (((B → C) → ((¬A → B) → C)) → B)) → ((¬A → ((B → C) → ((¬A → B) → C))) → (¬A → B)))
2025-12-27 00:05:51,994 - DEBUG - Подставляем в аксиому ((A → (B → C)) → ((A → B) → (A → C))) подстановку {'A': '¬A', 'B': '((B → C) → ((¬A → B) → C))', 'C': '((¬A → B) → C)'}. Результат: ((¬A → (((B → C) → ((¬A → B) → C)) → ((¬A → B) → C))) → ((¬A → ((B → C) → ((¬A → B) → C))) → (¬A → ((¬A → B) → C))))
2025-12-27 00:05:51,994 - DEBUG - Подставляем в аксиому ((A → (B → C)) → ((A → B) → (A → C))) подстановку {'A': '¬A', 'B': '((B → C) → ((¬A → B) → C))', 'C': '(B → C)'}. Результат: ((¬A → (((B → C) → ((¬A → B) → C)) → (B → C))) → ((¬A → ((B → C) → ((¬A → B) → C))) → (¬A → (B → C))))
2025-12-27 00:05:51,994 - DEBUG - Подставляем в аксиому ((A → (B → C)) → ((A → B) → (A → C))) подстановку {'A': '¬A', 'B': '((B → C) → ((¬A → B) → C))', 'C': 'C'}. Результат: ((¬A → (((B → C) → ((¬A → B) → C)) → C)) → ((¬A → ((B → C) → ((¬A → B) → C))) → (¬A → C)))
2025-12-27 00:05:51,994 - DEBUG - Подставляем в аксиому ((A → (B → C)) → ((A → B) → (A → C))) подстановку {'A': '¬A', 'B': '((B → C) → ((¬A → B) → C))', 'C': 'A'}. Результат: ((¬A → (((B → C) → ((¬A → B) → C)) → A)) → ((¬A → ((B → C) → ((¬A → B) → C))) → (¬A → A)))
2025-12-27 00:05:51,994 - DEBUG - Подставляем в аксиому ((A → (B → C)) → ((A → B) → (A → C))) подстановку {'A': '¬A', 'B': '((B → C) → ((¬A → B) → C))', 'C': '((B → C) → ((¬A → B) → C))'}. Результат: ((¬A → (((B → C) → ((¬A → B) → C)) → ((B → C) → ((¬A → B) → C)))) → ((¬A → ((B → C) → ((¬A → B) → C))) → (¬A → ((B → C) → ((¬A → B) → C)))))
2025-12-27 00:05:51,994 - DEBUG - Подставляем в аксиому ((A → (B → C)) → ((A → B) → (A → C))) подстановку {'A': '¬A', 'B': '((B → C) → ((¬A → B) → C))', 'C': '(A → C)'}. Результат: ((¬A → (((B → C) → ((¬A → B) → C)) → (A → C))) → ((¬A → ((B → C) → ((¬A → B) → C))) → (¬A → (A → C))))
2025-12-27 00:05:51,994 - DEBUG - Подставляем в аксиому ((A → (B → C)) → ((A → B) → (A → C))) подстановку {'A': '¬A', 'B': '((B → C) → ((¬A → B) → C))', 'C': '((A → C) → ((B → C) → ((¬A → B) → C)))'}. Результат: ((¬A → (((B → C) → ((¬A → B) → C)) → ((A → C) → ((B → C) → ((¬A → B) → C))))) → ((¬A → ((B → C) → ((¬A → B) → C))) → (¬A → ((A → C) → ((B → C) → ((¬A → B) → C))))))
2025-12-27 00:05:51,994 - DEBUG - Подставляем в аксиому ((A → (B → C)) → ((A → B) → (A → C))) подстановку {'A': '¬A', 'B': '(A → C)', 'C': '¬A'}. Результат: ((¬A → ((A → C) → ¬A)) → ((¬A → (A → C)) → (¬A → ¬A)))
2025-12-27 00:05:51,994 - DEBUG - Подставляем в аксиому ((A → (B → C)) → ((A → B) → (A → C))) подстановку {'A': '¬A', 'B': '(A → C)', 'C': '(¬A → B)'}. Результат: ((¬A → ((A → C) → (¬A → B))) → ((¬A → (A → C)) → (¬A → (¬A → B))))
2025-12-27 00:05:51,994 - DEBUG - Подставляем в аксиому ((A → (B → C)) → ((A → B) → (A → C))) подстановку {'A': '¬A', 'B': '(A → C)', 'C': 'B'}. Результат: ((¬A → ((A → C) → B)) → ((¬A → (A → C)) → (¬A → B)))
2025-12-27 00:05:51,994 - DEBUG - Подставляем в аксиому ((A → (B → C)) → ((A → B) → (A → C))) подстановку {'A': '¬A', 'B': '(A → C)', 'C': '((¬A → B) → C)'}. Результат: ((¬A → ((A → C) → ((¬A → B) → C))) → ((¬A → (A → C)) → (¬A → ((¬A → B) → C))))
2025-12-27 00:05:51,995 - DEBUG - Подставляем в аксиому ((A → (B → C)) → ((A → B) → (A → C))) подстановку {'A': '¬A', 'B': '(A → C)', 'C': '(B → C)'}. Результат: ((¬A → ((A → C) → (B → C))) → ((¬A → (A → C)) → (¬A → (B → C))))
2025-12-27 00:05:51,995 - DEBUG - Подставляем в аксиому ((A → (B → C)) → ((A → B) → (A → C))) подстановку {'A': '¬A', 'B': '(A → C)', 'C': 'C'}. Результат: ((¬A → ((A → C) → C)) → ((¬A → (A → C)) → (¬A → C)))
2025-12-27 00:05:51,995 - DEBUG - Подставляем в аксиому ((A → (B → C)) → ((A → B) → (A → C))) подстановку {'A': '¬A', 'B': '(A → C)', 'C': 'A'}. Результат: ((¬A → ((A → C) → A)) → ((¬A → (A → C)) → (¬A → A)))
2025-12-27 00:05:51,995 - DEBUG - Подставляем в аксиому ((A → (B → C)) → ((A → B) → (A → C))) подстановку {'A': '¬A', 'B': '(A → C)', 'C': '((B → C) → ((¬A → B) → C))'}. Результат: ((¬A → ((A → C) → ((B → C) → ((¬A → B) → C)))) → ((¬A → (A → C)) → (¬A → ((B → C) → ((¬A → B) → C)))))
2025-12-27 00:05:51,995 - DEBUG - Подставляем в аксиому ((A → (B → C)) → ((A → B) → (A → C))) подстановку {'A': '¬A', 'B': '(A → C)', 'C': '(A → C)'}. Результат: ((¬A → ((A → C) → (A → C))) → ((¬A → (A → C)) → (¬A → (A → C))))
2025-12-27 00:05:51,995 - DEBUG - Подставляем в аксиому ((A → (B → C)) → ((A → B) → (A → C))) подстановку {'A': '¬A', 'B': '(A → C)', 'C': '((A → C) → ((B → C) → ((¬A → B) → C)))'}. Результат: ((¬A → ((A → C) → ((A → C) → ((B → C) → ((¬A → B) → C))))) → ((¬A → (A → C)) → (¬A → ((A → C) → ((B → C) → ((¬A → B) → C))))))
2025-12-27 00:05:51,995 - DEBUG - Подставляем в аксиому ((A → (B → C)) → ((A → B) → (A → C))) подстановку {'A': '¬A', 'B': '((A → C) → ((B → C) → ((¬A → B) → C)))', 'C': '¬A'}. Результат: ((¬A → (((A → C) → ((B → C) → ((¬A → B) → C))) → ¬A)) → ((¬A → ((A → C) → ((B → C) → ((¬A → B) → C)))) → (¬A → ¬A)))
2025-12-27 00:05:51,995 - DEBUG - Подставляем в аксиому ((A → (B → C)) → ((A → B) → (A → C))) подстановку {'A': '¬A', 'B': '((A → C) → ((B → C) → ((¬A → B) → C)))', 'C': '(¬A → B)'}. Результат: ((¬A → (((A → C) → ((B → C) → ((¬A → B) → C))) → (¬A → B))) → ((¬A → ((A → C) → ((B → C) → ((¬A → B) → C)))) → (¬A → (¬A → B))))
2025-12-27 00:05:51,995 - DEBUG - Подставляем в аксиому ((A → (B → C)) → ((A → B) → (A → C))) подстановку {'A': '¬A', 'B': '((A → C) → ((B → C) → ((¬A → B) → C)))', 'C': 'B'}. Результат: ((¬A → (((A → C) → ((B → C) → ((¬A → B) → C))) → B)) → ((¬A → ((A → C) → ((B → C) → ((¬A → B) → C)))) → (¬A → B)))
2025-12-27 00:05:51,995 - DEBUG - Подставляем в аксиому ((A → (B → C)) → ((A → B) → (A → C))) подстановку {'A': '¬A', 'B': '((A → C) → ((B → C) → ((¬A → B) → C)))', 'C': '((¬A → B) → C)'}. Результат: ((¬A → (((A → C) → ((B → C) → ((¬A → B) → C))) → ((¬A → B) → C))) → ((¬A → ((A → C) → ((B → C) → ((¬A → B) → C)))) → (¬A → ((¬A → B) → C))))
2025-12-27 00:05:51,995 - DEBUG - Подставляем в аксиому ((A → (B → C)) → ((A → B) → (A → C))) подстановку {'A': '¬A', 'B': '((A → C) → ((B → C) → ((¬A → B) → C)))', 'C': '(B → C)'}. Результат: ((¬A → (((A → C) → ((B → C) → ((¬A → B) → C))) → (B → C))) → ((¬A → ((A → C) → ((B → C) → ((¬A → B) → C)))) → (¬A → (B → C))))
2025-12-27 00:05:51,995 - DEBUG - Подставляем в аксиому ((A → (B → C)) → ((A → B) → (A → C))) подстановку {'A': '¬A', 'B': '((A → C) → ((B → C) → ((¬A → B) → C)))', 'C': 'C'}. Результат: ((¬A → (((A → C) → ((B → C) → ((¬A → B) → C))) → C)) → ((¬A → ((A → C) → ((B → C) → ((¬A → B) → C)))) → (¬A → C)))
2025-12-27 00:05:51,995 - DEBUG - Подставляем в аксиому ((A → (B → C)) → ((A → B) → (A → C))) подстановку {'A': '¬A', 'B': '((A → C) → ((B → C) → ((¬A → B) → C)))', 'C': 'A'}. Результат: ((¬A → (((A → C) → ((B → C) → ((¬A → B) → C))) → A)) → ((¬A → ((A → C) → ((B → C) → ((¬A → B) → C)))) → (¬A → A)))
2025-12-27 00:05:51,995 - DEBUG - Подставляем в аксиому ((A → (B → C)) → ((A → B) → (A → C))) подстановку {'A': '¬A', 'B': '((A → C) → ((B → C) → ((¬A → B) → C)))', 'C': '((B → C) → ((¬A → B) → C))'}. Результат: ((¬A → (((A → C) → ((B → C) → ((¬A → B) → C))) → ((B → C) → ((¬A → B) → C)))) → ((¬A → ((A → C) → ((B → C) → ((¬A → B) → C)))) → (¬A → ((B → C) → ((¬A → B) → C)))))
2025-12-27 00:05:51,995 - DEBUG - Подставляем в аксиому ((A → (B → C)) → ((A → B) → (A → C))) подстановку {'A': '¬A', 'B': '((A → C) → ((B → C) → ((¬A → B) → C)))', 'C': '(A → C)'}. Результат: ((¬A → (((A → C) → ((B → C) → ((¬A → B) → C))) → (A → C))) → ((¬A → ((A → C) → ((B → C) → ((¬A → B) → C)))) → (¬A → (A → C))))
2025-12-27 00:05:51,995 - DEBUG - Подставляем в аксиому ((A → (B → C)) → ((A → B) → (A → C))) подстановку {'A': '¬A', 'B': '((A → C) → ((B → C) → ((¬A → B) → C)))', 'C': '((A → C) → ((B → C) → ((¬A → B) → C)))'}. Результат: ((¬A → (((A → C) → ((B → C) → ((¬A → B) → C))) → ((A → C) → ((B → C) → ((¬A → B) → C))))) → ((¬A → ((A → C) → ((B → C) → ((¬A → B) → C)))) → (¬A → ((A → C) → ((B → C) → ((¬A → B) → C))))))
2025-12-27 00:05:51,996 - DEBUG - Подставляем в аксиому ((¬B → ¬A) → ((¬B → A) → B)) подстановку {'B': '¬A', 'A': '¬A'}. Результат: ((¬A → ¬A) → ((¬A → ¬A) → ¬A))
2025-12-27 00:05:51,996 - DEBUG - Подставляем в аксиому ((¬B → ¬A) → ((¬B → A) → B)) подстановку {'B': '¬A', 'A': '(¬A → B)'}. Результат: ((¬A → (¬A → B)) → ((¬A → (¬A → B)) → ¬A))
2025-12-27 00:05:51,996 - DEBUG - Подставляем в аксиому ((¬B → ¬A) → ((¬B → A) → B)) подстановку {'B': '¬A', 'A': 'B'}. Результат: ((¬A → B) → ((¬A → B) → ¬A))
2025-12-27 00:05:51,996 - DEBUG - Подставляем в аксиому ((¬B → ¬A) → ((¬B → A) → B)) подстановку {'B': '¬A', 'A': '((¬A → B) → C)'}. Результат: ((¬A → ((¬A → B) → C)) → ((¬A → ((¬A → B) → C)) → ¬A))
2025-12-27 00:05:51,996 - DEBUG - Подставляем в аксиому ((¬B → ¬A) → ((¬B → A) → B)) подстановку {'B': '¬A', 'A': '(B → C)'}. Результат: ((¬A → (B → C)) → ((¬A → (B → C)) → ¬A))
2025-12-27 00:05:51,996 - DEBUG - Подставляем в аксиому ((¬B → ¬A) → ((¬B → A) → B)) подстановку {'B': '¬A', 'A': 'C'}. Результат: ((¬A → C) → ((¬A → C) → ¬A))
2025-12-27 00:05:51,996 - DEBUG - Подставляем в аксиому ((¬B → ¬A) → ((¬B → A) → B)) подстановку {'B': '¬A', 'A': 'A'}. Результат: ((¬A → A) → ((¬A → A) → ¬A))
2025-12-27 00:05:51,996 - DEBUG - Подставляем в аксиому ((¬B → ¬A) → ((¬B → A) → B)) подстановку {'B': '¬A', 'A': '((B → C) → ((¬A → B) → C))'}. Результат: ((¬A → ((B → C) → ((¬A → B) → C))) → ((¬A → ((B → C) → ((¬A → B) → C))) → ¬A))
2025-12-27 00:05:51,996 - DEBUG - Подставляем в аксиому ((¬B → ¬A) → ((¬B → A) → B)) подстановку {'B': '¬A', 'A': '(A → C)'}. Результат: ((¬A → (A → C)) → ((¬A → (A → C)) → ¬A))
2025-12-27 00:05:51,996 - DEBUG - Подставляем в аксиому ((¬B → ¬A) → ((¬B → A) → B)) подстановку {'B': '¬A', 'A': '((A → C) → ((B → C) → ((¬A → B) → C)))'}. Результат: ((¬A → ((A → C) → ((B → C) → ((¬A → B) → C)))) → ((¬A → ((A → C) → ((B → C) → ((¬A → B) → C)))) → ¬A))
2025-12-27 00:05:51,996 - DEBUG - Подставляем в аксиому ((¬B → ¬A) → ((¬B → A) → B)) подстановку {'B': '(¬A → B)', 'A': '¬A'}. Результат: (((¬A → B) → ¬A) → (((¬A → B) → ¬A) → (¬A → B)))
2025-12-27 00:05:51,996 - DEBUG - Подставляем в аксиому ((¬B → ¬A) → ((¬B → A) → B)) подстановку {'B': '(¬A → B)', 'A': '(¬A → B)'}. Результат: (((¬A → B) → (¬A → B)) → (((¬A → B) → (¬A → B)) → (¬A → B)))
2025-12-27 00:05:51,996 - DEBUG - Подставляем в аксиому ((¬B → ¬A) → ((¬B → A) → B)) подстановку {'B': '(¬A → B)', 'A': 'B'}. Результат: (((¬A → B) → B) → (((¬A → B) → B) → (¬A → B)))
2025-12-27 00:05:51,996 - DEBUG - Подставляем в аксиому ((¬B → ¬A) → ((¬B → A) → B)) подстановку {'B': '(¬A → B)', 'A': '((¬A → B) → C)'}. Результат: (((¬A → B) → ((¬A → B) → C)) → (((¬A → B) → ((¬A → B) → C)) → (¬A → B)))
2025-12-27 00:05:51,996 - DEBUG - Подставляем в аксиому ((¬B → ¬A) → ((¬B → A) → B)) подстановку {'B': '(¬A → B)', 'A': '(B → C)'}. Результат: (((¬A → B) → (B → C)) → (((¬A → B) → (B → C)) → (¬A → B)))
2025-12-27 00:05:51,996 - DEBUG - Подставляем в аксиому ((¬B → ¬A) → ((¬B → A) → B)) подстановку {'B': '(¬A → B)', 'A': 'C'}. Результат: (((¬A → B) → C) → (((¬A → B) → C) → (¬A → B)))
2025-12-27 00:05:51,996 - DEBUG - Подставляем в аксиому ((¬B → ¬A) → ((¬B → A) → B)) подстановку {'B': '(¬A → B)', 'A': 'A'}. Результат: (((¬A → B) → A) → (((¬A → B) → A) → (¬A → B)))
2025-12-27 00:05:51,996 - DEBUG - Подставляем в аксиому ((¬B → ¬A) → ((¬B → A) → B)) подстановку {'B': '(¬A → B)', 'A': '((B → C) → ((¬A → B) → C))'}. Результат: (((¬A → B) → ((B → C) → ((¬A → B) → C))) → (((¬A → B) → ((B → C) → ((¬A → B) → C))) → (¬A → B)))
2025-12-27 00:05:51,996 - DEBUG - Подставляем в аксиому ((¬B → ¬A) → ((¬B → A) → B)) подстановку {'B': '(¬A → B)', 'A': '(A → C)'}. Результат: (((¬A → B) → (A → C)) → (((¬A → B) → (A → C)) → (¬A → B)))
2025-12-27 00:05:51,996 - DEBUG - Подставляем в аксиому ((¬B → ¬A) → ((¬B → A) → B)) подстановку {'B': '(¬A → B)', 'A': '((A → C) → ((B → C) → ((¬A → B) → C)))'}. Результат: (((¬A → B) → ((A → C) → ((B → C) → ((¬A → B) → C)))) → (((¬A → B) → ((A → C) → ((B → C) → ((¬A → B) → C)))) → (¬A → B)))
2025-12-27 00:05:51,996 - DEBUG - Подставляем в аксиому ((¬B → ¬A) → ((¬B → A) → B)) подстановку {'B': 'B', 'A': '¬A'}. Результат: ((B → ¬A) → ((B → ¬A) → B))
2025-12-27 00:05:51,996 - DEBUG - Подставляем в аксиому ((¬B → ¬A) → ((¬B → A) → B)) подстановку {'B': 'B', 'A': '(¬A → B)'}. Результат: ((B → (¬A → B)) → ((B → (¬A → B)) → B))
2025-12-27 00:05:51,996 - DEBUG - Подставляем в аксиому ((¬B → ¬A) → ((¬B → A) → B)) подстановку {'B': 'B', 'A': 'B'}. Результат: ((B → B) → ((B → B) → B))
2025-12-27 00:05:51,996 - DEBUG - Подставляем в аксиому ((¬B → ¬A) → ((¬B → A) → B)) подстановку {'B': 'B', 'A': '((¬A → B) → C)'}. Результат: ((B → ((¬A → B) → C)) → ((B → ((¬A → B) → C)) → B))
2025-12-27 00:05:51,996 - DEBUG - Подставляем в аксиому ((¬B → ¬A) → ((¬B → A) → B)) подстановку {'B': 'B', 'A': '(B → C)'}. Результат: ((B → (B → C)) → ((B → (B → C)) → B))
2025-12-27 00:05:51,996 - DEBUG - Подставляем в аксиому ((¬B → ¬A) → ((¬B → A) → B)) подстановку {'B': 'B', 'A': 'C'}. Результат: ((B → C) → ((B → C) → B))
2025-12-27 00:05:51,996 - DEBUG - Подставляем в аксиому ((¬B → ¬A) → ((¬B → A) → B)) подстановку {'B': 'B', 'A': 'A'}. Результат: ((B → A) → ((B → A) → B))
2025-12-27 00:05:51,996 - DEBUG - Подставляем в аксиому ((¬B → ¬A) → ((¬B → A) → B)) подстановку {'B': 'B', 'A': '((B → C) → ((¬A → B) → C))'}. Результат: ((B → ((B → C) → ((¬A → B) → C))) → ((B → ((B → C) → ((¬A → B) → C))) → B))
2025-12-27 00:05:51,996 - DEBUG - Подставляем в аксиому ((¬B → ¬A) → ((¬B → A) → B)) подстановку {'B': 'B', 'A': '(A → C)'}. Результат: ((B → (A → C)) → ((B → (A → C)) → B))
2025-12-27 00:05:51,996 - DEBUG - Подставляем в аксиому ((¬B → ¬A) → ((¬B → A) → B)) подстановку {'B': 'B', 'A': '((A → C) → ((B → C) → ((¬A → B) → C)))'}. Результат: ((B → ((A → C) → ((B → C) → ((¬A → B) → C)))) → ((B → ((A → C) → ((B → C) → ((¬A → B) → C)))) → B))
2025-12-27 00:05:51,996 - DEBUG - Подставляем в аксиому ((¬B → ¬A) → ((¬B → A) → B)) подстановку {'B': '((¬A → B) → C)', 'A': '¬A'}. Результат: ((((¬A → B) → C) → ¬A) → ((((¬A → B) → C) → ¬A) → ((¬A → B) → C)))
2025-12-27 00:05:51,996 - DEBUG - Подставляем в аксиому ((¬B → ¬A) → ((¬B → A) → B)) подстановку {'B': '((¬A → B) → C)', 'A': '(¬A → B)'}. Результат: ((((¬A → B) → C) → (¬A → B)) → ((((¬A → B) → C) → (¬A → B)) → ((¬A → B) → C)))
2025-12-27 00:05:51,997 - DEBUG - Подставляем в аксиому ((¬B → ¬A) → ((¬B → A) → B)) подстановку {'B': '((¬A → B) → C)', 'A': 'B'}. Результат: ((((¬A → B) → C) → B) → ((((¬A → B) → C) → B) → ((¬A → B) → C)))
2025-12-27 00:05:51,997 - DEBUG - Подставляем в аксиому ((¬B → ¬A) → ((¬B → A) → B)) подстановку {'B': '((¬A → B) → C)', 'A': '((¬A → B) → C)'}. Результат: ((((¬A → B) → C) → ((¬A → B) → C)) → ((((¬A → B) → C) → ((¬A → B) → C)) → ((¬A → B) → C)))
2025-12-27 00:05:51,997 - DEBUG - Подставляем в аксиому ((¬B → ¬A) → ((¬B → A) → B)) подстановку {'B': '((¬A → B) → C)', 'A': '(B → C)'}. Результат: ((((¬A → B) → C) → (B → C)) → ((((¬A → B) → C) → (B → C)) → ((¬A → B) → C)))
2025-12-27 00:05:51,997 - DEBUG - Подставляем в аксиому ((¬B → ¬A) → ((¬B → A) → B)) подстановку {'B': '((¬A → B) → C)', 'A': 'C'}. Результат: ((((¬A → B) → C) → C) → ((((¬A → B) → C) → C) → ((¬A → B) → C)))
2025-12-27 00:05:51,997 - DEBUG - Подставляем в аксиому ((¬B → ¬A) → ((¬B → A) → B)) подстановку {'B': '((¬A → B) → C)', 'A': 'A'}. Результат: ((((¬A → B) → C) → A) → ((((¬A → B) → C) → A) → ((¬A → B) → C)))
2025-12-27 00:05:51,997 - DEBUG - Подставляем в аксиому ((¬B → ¬A) → ((¬B → A) → B)) подстановку {'B': '((¬A → B) → C)', 'A': '((B → C) → ((¬A → B) → C))'}. Результат: ((((¬A → B) → C) → ((B → C) → ((¬A → B) → C))) → ((((¬A → B) → C) → ((B → C) → ((¬A → B) → C))) → ((¬A → B) → C)))
2025-12-27 00:05:51,997 - DEBUG - Подставляем в аксиому ((¬B → ¬A) → ((¬B → A) → B)) подстановку {'B': '((¬A → B) → C)', 'A': '(A → C)'}. Результат: ((((¬A → B) → C) → (A → C)) → ((((¬A → B) → C) → (A → C)) → ((¬A → B) → C)))
2025-12-27 00:05:51,997 - DEBUG - Подставляем в аксиому ((¬B → ¬A) → ((¬B → A) → B)) подстановку {'B': '((¬A → B) → C)', 'A': '((A → C) → ((B → C) → ((¬A → B) → C)))'}. Результат: ((((¬A → B) → C) → ((A → C) → ((B → C) → ((¬A → B) → C)))) → ((((¬A → B) → C) → ((A → C) → ((B → C) → ((¬A → B) → C)))) → ((¬A → B) → C)))
2025-12-27 00:05:51,997 - DEBUG - Подставляем в аксиому ((¬B → ¬A) → ((¬B → A) → B)) подстановку {'B': '(B → C)', 'A': '¬A'}. Результат: (((B → C) → ¬A) → (((B → C) → ¬A) → (B → C)))
2025-12-27 00:05:51,997 - DEBUG - Подставляем в аксиому ((¬B → ¬A) → ((¬B → A) → B)) подстановку {'B': '(B → C)', 'A': '(¬A → B)'}. Результат: (((B → C) → (¬A → B)) → (((B → C) → (¬A → B)) → (B → C)))
2025-12-27 00:05:51,997 - DEBUG - Подставляем в аксиому ((¬B → ¬A) → ((¬B → A) → B)) подстановку {'B': '(B → C)', 'A': 'B'}. Результат: (((B → C) → B) → (((B → C) → B) → (B → C)))
2025-12-27 00:05:51,997 - DEBUG - Подставляем в аксиому ((¬B → ¬A) → ((¬B → A) → B)) подстановку {'B': '(B → C)', 'A': '((¬A → B) → C)'}. Результат: (((B → C) → ((¬A → B) → C)) → (((B → C) → ((¬A → B) → C)) → (B → C)))
2025-12-27 00:05:51,997 - DEBUG - Подставляем в аксиому ((¬B → ¬A) → ((¬B → A) → B)) подстановку {'B': '(B → C)', 'A': '(B → C)'}. Результат: (((B → C) → (B → C)) → (((B → C) → (B → C)) → (B → C)))
2025-12-27 00:05:51,997 - DEBUG - Подставляем в аксиому ((¬B → ¬A) → ((¬B → A) → B)) подстановку {'B': '(B → C)', 'A': 'C'}. Результат: (((B → C) → C) → (((B → C) → C) → (B → C)))
2025-12-27 00:05:51,997 - DEBUG - Подставляем в аксиому ((¬B → ¬A) → ((¬B → A) → B)) подстановку {'B': '(B → C)', 'A': 'A'}. Результат: (((B → C) → A) → (((B → C) → A) → (B → C)))
2025-12-27 00:05:51,997 - DEBUG - Подставляем в аксиому ((¬B → ¬A) → ((¬B → A) → B)) подстановку {'B': '(B → C)', 'A': '((B → C) → ((¬A → B) → C))'}. Результат: (((B → C) → ((B → C) → ((¬A → B) → C))) → (((B → C) → ((B → C) → ((¬A → B) → C))) → (B → C)))
2025-12-27 00:05:51,997 - DEBUG - Подставляем в аксиому ((¬B → ¬A) → ((¬B → A) → B)) подстановку {'B': '(B → C)', 'A': '(A → C)'}. Результат: (((B → C) → (A → C)) → (((B → C) → (A → C)) → (B → C)))
2025-12-27 00:05:51,997 - DEBUG - Подставляем в аксиому ((¬B → ¬A) → ((¬B → A) → B)) подстановку {'B': '(B → C)', 'A': '((A → C) → ((B → C) → ((¬A → B) → C)))'}. Результат: (((B → C) → ((A → C) → ((B → C) → ((¬A → B) → C)))) → (((B → C) → ((A → C) → ((B → C) → ((¬A → B) → C)))) → (B → C)))
2025-12-27 00:05:51,997 - DEBUG - Подставляем в аксиому ((¬B → ¬A) → ((¬B → A) → B)) подстановку {'B': 'C', 'A': '¬A'}. Результат: ((C → ¬A) → ((C → ¬A) → C))
2025-12-27 00:05:51,997 - DEBUG - Подставляем в аксиому ((¬B → ¬A) → ((¬B → A) → B)) подстановку {'B': 'C', 'A': '(¬A → B)'}. Результат: ((C → (¬A → B)) → ((C → (¬A → B)) → C))
2025-12-27 00:05:51,997 - DEBUG - Подставляем в аксиому ((¬B → ¬A) → ((¬B → A) → B)) подстановку {'B': 'C', 'A': 'B'}. Результат: ((C → B) → ((C → B) → C))
2025-12-27 00:05:51,997 - DEBUG - Подставляем в аксиому ((¬B → ¬A) → ((¬B → A) → B)) подстановку {'B': 'C', 'A': '((¬A → B) → C)'}. Результат: ((C → ((¬A → B) → C)) → ((C → ((¬A → B) → C)) → C))
2025-12-27 00:05:51,997 - DEBUG - Подставляем в аксиому ((¬B → ¬A) → ((¬B → A) → B)) подстановку {'B': 'C', 'A': '(B → C)'}. Результат: ((C → (B → C)) → ((C → (B → C)) → C))
2025-12-27 00:05:51,997 - DEBUG - Подставляем в аксиому ((¬B → ¬A) → ((¬B → A) → B)) подстановку {'B': 'C', 'A': 'C'}. Результат: ((C → C) → ((C → C) → C))
2025-12-27 00:05:51,997 - DEBUG - Подставляем в аксиому ((¬B → ¬A) → ((¬B → A) → B)) подстановку {'B': 'C', 'A': 'A'}. Результат: ((C → A) → ((C → A) → C))
2025-12-27 00:05:51,997 - DEBUG - Подставляем в аксиому ((¬B → ¬A) → ((¬B → A) → B)) подстановку {'B': 'C', 'A': '((B → C) → ((¬A → B) → C))'}. Результат: ((C → ((B → C) → ((¬A → B) → C))) → ((C → ((B → C) → ((¬A → B) → C))) → C))
2025-12-27 00:05:51,997 - DEBUG - Подставляем в аксиому ((¬B → ¬A) → ((¬B → A) → B)) подстановку {'B': 'C', 'A': '(A → C)'}. Результат: ((C → (A → C)) → ((C → (A → C)) → C))
2025-12-27 00:05:51,998 - DEBUG - Подставляем в аксиому ((¬B → ¬A) → ((¬B → A) → B)) подстановку {'B': 'C', 'A': '((A → C) → ((B → C) → ((¬A → B) → C)))'}. Результат: ((C → ((A → C) → ((B → C) → ((¬A → B) → C)))) → ((C → ((A → C) → ((B → C) → ((¬A → B) → C)))) → C))
2025-12-27 00:05:51,998 - DEBUG - Подставляем в аксиому ((¬B → ¬A) → ((¬B → A) → B)) подстановку {'B': 'A', 'A': '¬A'}. Результат: ((A → ¬A) → ((A → ¬A) → A))
2025-12-27 00:05:51,998 - DEBUG - Подставляем в аксиому ((¬B → ¬A) → ((¬B → A) → B)) подстановку {'B': 'A', 'A': '(¬A → B)'}. Результат: ((A → (¬A → B)) → ((A → (¬A → B)) → A))
2025-12-27 00:05:51,998 - DEBUG - Подставляем в аксиому ((¬B → ¬A) → ((¬B → A) → B)) подстановку {'B': 'A', 'A': 'B'}. Результат: ((A → B) → ((A → B) → A))
2025-12-27 00:05:51,998 - DEBUG - Подставляем в аксиому ((¬B → ¬A) → ((¬B → A) → B)) подстановку {'B': 'A', 'A': '((¬A → B) → C)'}. Результат: ((A → ((¬A → B) → C)) → ((A → ((¬A → B) → C)) → A))
2025-12-27 00:05:51,998 - DEBUG - Подставляем в аксиому ((¬B → ¬A) → ((¬B → A) → B)) подстановку {'B': 'A', 'A': '(B → C)'}. Результат: ((A → (B → C)) → ((A → (B → C)) → A))
2025-12-27 00:05:51,998 - DEBUG - Подставляем в аксиому ((¬B → ¬A) → ((¬B → A) → B)) подстановку {'B': 'A', 'A': 'C'}. Результат: ((A → C) → ((A → C) → A))
2025-12-27 00:05:51,998 - DEBUG - Подставляем в аксиому ((¬B → ¬A) → ((¬B → A) → B)) подстановку {'B': 'A', 'A': 'A'}. Результат: ((A → A) → ((A → A) → A))
2025-12-27 00:05:51,998 - DEBUG - Подставляем в аксиому ((¬B → ¬A) → ((¬B → A) → B)) подстановку {'B': 'A', 'A': '((B → C) → ((¬A → B) → C))'}. Результат: ((A → ((B → C) → ((¬A → B) → C))) → ((A → ((B → C) → ((¬A → B) → C))) → A))
2025-12-27 00:05:51,998 - DEBUG - Подставляем в аксиому ((¬B → ¬A) → ((¬B → A) → B)) подстановку {'B': 'A', 'A': '(A → C)'}. Результат: ((A → (A → C)) → ((A → (A → C)) → A))
2025-12-27 00:05:51,998 - DEBUG - Подставляем в аксиому ((¬B → ¬A) → ((¬B → A) → B)) подстановку {'B': 'A', 'A': '((A → C) → ((B → C) → ((¬A → B) → C)))'}. Результат: ((A → ((A → C) → ((B → C) → ((¬A → B) → C)))) → ((A → ((A → C) → ((B → C) → ((¬A → B) → C)))) → A))
2025-12-27 00:05:51,998 - DEBUG - Подставляем в аксиому ((¬B → ¬A) → ((¬B → A) → B)) подстановку {'B': '((B → C) → ((¬A → B) → C))', 'A': '¬A'}. Результат: ((((B → C) → ((¬A → B) → C)) → ¬A) → ((((B → C) → ((¬A → B) → C)) → ¬A) → ((B → C) → ((¬A → B) → C))))
2025-12-27 00:05:51,998 - DEBUG - Подставляем в аксиому ((¬B → ¬A) → ((¬B → A) → B)) подстановку {'B': '((B → C) → ((¬A → B) → C))', 'A': '(¬A → B)'}. Результат: ((((B → C) → ((¬A → B) → C)) → (¬A → B)) → ((((B → C) → ((¬A → B) → C)) → (¬A → B)) → ((B → C) → ((¬A → B) → C))))
2025-12-27 00:05:51,998 - DEBUG - Подставляем в аксиому ((¬B → ¬A) → ((¬B → A) → B)) подстановку {'B': '((B → C) → ((¬A → B) → C))', 'A': 'B'}. Результат: ((((B → C) → ((¬A → B) → C)) → B) → ((((B → C) → ((¬A → B) → C)) → B) → ((B → C) → ((¬A → B) → C))))
2025-12-27 00:05:51,998 - DEBUG - Подставляем в аксиому ((¬B → ¬A) → ((¬B → A) → B)) подстановку {'B': '((B → C) → ((¬A → B) → C))', 'A': '((¬A → B) → C)'}. Результат: ((((B → C) → ((¬A → B) → C)) → ((¬A → B) → C)) → ((((B → C) → ((¬A → B) → C)) → ((¬A → B) → C)) → ((B → C) → ((¬A → B) → C))))
2025-12-27 00:05:51,998 - DEBUG - Подставляем в аксиому ((¬B → ¬A) → ((¬B → A) → B)) подстановку {'B': '((B → C) → ((¬A → B) → C))', 'A': '(B → C)'}. Результат: ((((B → C) → ((¬A → B) → C)) → (B → C)) → ((((B → C) → ((¬A → B) → C)) → (B → C)) → ((B → C) → ((¬A → B) → C))))
2025-12-27 00:05:51,998 - DEBUG - Подставляем в аксиому ((¬B → ¬A) → ((¬B → A) → B)) подстановку {'B': '((B → C) → ((¬A → B) → C))', 'A': 'C'}. Результат: ((((B → C) → ((¬A → B) → C)) → C) → ((((B → C) → ((¬A → B) → C)) → C) → ((B → C) → ((¬A → B) → C))))
2025-12-27 00:05:51,998 - DEBUG - Подставляем в аксиому ((¬B → ¬A) → ((¬B → A) → B)) подстановку {'B': '((B → C) → ((¬A → B) → C))', 'A': 'A'}. Результат: ((((B → C) → ((¬A → B) → C)) → A) → ((((B → C) → ((¬A → B) → C)) → A) → ((B → C) → ((¬A → B) → C))))
2025-12-27 00:05:51,998 - DEBUG - Подставляем в аксиому ((¬B → ¬A) → ((¬B → A) → B)) подстановку {'B': '((B → C) → ((¬A → B) → C))', 'A': '((B → C) → ((¬A → B) → C))'}. Результат: ((((B → C) → ((¬A → B) → C)) → ((B → C) → ((¬A → B) → C))) → ((((B → C) → ((¬A → B) → C)) → ((B → C) → ((¬A → B) → C))) → ((B → C) → ((¬A → B) → C))))
2025-12-27 00:05:51,998 - DEBUG - Подставляем в аксиому ((¬B → ¬A) → ((¬B → A) → B)) подстановку {'B': '((B → C) → ((¬A → B) → C))', 'A': '(A → C)'}. Результат: ((((B → C) → ((¬A → B) → C)) → (A → C)) → ((((B → C) → ((¬A → B) → C)) → (A → C)) → ((B → C) → ((¬A → B) → C))))
2025-12-27 00:05:51,998 - DEBUG - Подставляем в аксиому ((¬B → ¬A) → ((¬B → A) → B)) подстановку {'B': '((B → C) → ((¬A → B) → C))', 'A': '((A → C) → ((B → C) → ((¬A → B) → C)))'}. Результат: ((((B → C) → ((¬A → B) → C)) → ((A → C) → ((B → C) → ((¬A → B) → C)))) → ((((B → C) → ((¬A → B) → C)) → ((A → C) → ((B → C) → ((¬A → B) → C)))) → ((B → C) → ((¬A → B) → C))))
2025-12-27 00:05:51,998 - DEBUG - Подставляем в аксиому ((¬B → ¬A) → ((¬B → A) → B)) подстановку {'B': '(A → C)', 'A': '¬A'}. Результат: (((A → C) → ¬A) → (((A → C) → ¬A) → (A → C)))
2025-12-27 00:05:51,998 - DEBUG - Подставляем в аксиому ((¬B → ¬A) → ((¬B → A) → B)) подстановку {'B': '(A → C)', 'A': '(¬A → B)'}. Результат: (((A → C) → (¬A → B)) → (((A → C) → (¬A → B)) → (A → C)))
2025-12-27 00:05:51,998 - DEBUG - Подставляем в аксиому ((¬B → ¬A) → ((¬B → A) → B)) подстановку {'B': '(A → C)', 'A': 'B'}. Результат: (((A → C) → B) → (((A → C) → B) → (A → C)))
2025-12-27 00:05:51,998 - DEBUG - Подставляем в аксиому ((¬B → ¬A) → ((¬B → A) → B)) подстановку {'B': '(A → C)', 'A': '((¬A → B) → C)'}. Результат: (((A → C) → ((¬A → B) → C)) → (((A → C) → ((¬A → B) → C)) → (A → C)))
2025-12-27 00:05:51,998 - DEBUG - Подставляем в аксиому ((¬B → ¬A) → ((¬B → A) → B)) подстановку {'B': '(A → C)', 'A': '(B → C)'}. Результат: (((A → C) → (B → C)) → (((A → C) → (B → C)) → (A → C)))
2025-12-27 00:05:51,998 - DEBUG - Подставляем в аксиому ((¬B → ¬A) → ((¬B → A) → B)) подстановку {'B': '(A → C)', 'A': 'C'}. Результат: (((A → C) → C) → (((A → C) → C) → (A → C)))
2025-12-27 00:05:51,998 - DEBUG - Подставляем в аксиому ((¬B → ¬A) → ((¬B → A) → B)) подстановку {'B': '(A → C)', 'A': 'A'}. Результат: (((A → C) → A) → (((A → C) → A) → (A → C)))
2025-12-27 00:05:51,998 - DEBUG - Подставляем в аксиому ((¬B → ¬A) → ((¬B → A) → B)) подстановку {'B': '(A → C)', 'A': '((B → C) → ((¬A → B) → C))'}. Результат: (((A → C) → ((B → C) → ((¬A → B) → C))) → (((A → C) → ((B → C) → ((¬A → B) → C))) → (A → C)))
2025-12-27 00:05:51,999 - DEBUG - Подставляем в аксиому ((¬B → ¬A) → ((¬B → A) → B)) подстановку {'B': '(A → C)', 'A': '(A → C)'}. Результат: (((A → C) → (A → C)) → (((A → C) → (A → C)) → (A → C)))
2025-12-27 00:05:51,999 - DEBUG - Подставляем в аксиому ((¬B → ¬A) → ((¬B → A) → B)) подстановку {'B': '(A → C)', 'A': '((A → C) → ((B → C) → ((¬A → B) → C)))'}. Результат: (((A → C) → ((A → C) → ((B → C) → ((¬A → B) → C)))) → (((A → C) → ((A → C) → ((B → C) → ((¬A → B) → C)))) → (A → C)))
2025-12-27 00:05:51,999 - DEBUG - Подставляем в аксиому ((¬B → ¬A) → ((¬B → A) → B)) подстановку {'B': '((A → C) → ((B → C) → ((¬A → B) → C)))', 'A': '¬A'}. Результат: ((((A → C) → ((B → C) → ((¬A → B) → C))) → ¬A) → ((((A → C) → ((B → C) → ((¬A → B) → C))) → ¬A) → ((A → C) → ((B → C) → ((¬A → B) → C)))))
2025-12-27 00:05:51,999 - DEBUG - Подставляем в аксиому ((¬B → ¬A) → ((¬B → A) → B)) подстановку {'B': '((A → C) → ((B → C) → ((¬A → B) → C)))', 'A': '(¬A → B)'}. Результат: ((((A → C) → ((B → C) → ((¬A → B) → C))) → (¬A → B)) → ((((A → C) → ((B → C) → ((¬A → B) → C))) → (¬A → B)) → ((A → C) → ((B → C) → ((¬A → B) → C)))))
2025-12-27 00:05:51,999 - DEBUG - Подставляем в аксиому ((¬B → ¬A) → ((¬B → A) → B)) подстановку {'B': '((A → C) → ((B → C) → ((¬A → B) → C)))', 'A': 'B'}. Результат: ((((A → C) → ((B → C) → ((¬A → B) → C))) → B) → ((((A → C) → ((B → C) → ((¬A → B) → C))) → B) → ((A → C) → ((B → C) → ((¬A → B) → C)))))
2025-12-27 00:05:51,999 - DEBUG - Подставляем в аксиому ((¬B → ¬A) → ((¬B → A) → B)) подстановку {'B': '((A → C) → ((B → C) → ((¬A → B) → C)))', 'A': '((¬A → B) → C)'}. Результат: ((((A → C) → ((B → C) → ((¬A → B) → C))) → ((¬A → B) → C)) → ((((A → C) → ((B → C) → ((¬A → B) → C))) → ((¬A → B) → C)) → ((A → C) → ((B → C) → ((¬A → B) → C)))))
2025-12-27 00:05:51,999 - DEBUG - Подставляем в аксиому ((¬B → ¬A) → ((¬B → A) → B)) подстановку {'B': '((A → C) → ((B → C) → ((¬A → B) → C)))', 'A': '(B → C)'}. Результат: ((((A → C) → ((B → C) → ((¬A → B) → C))) → (B → C)) → ((((A → C) → ((B → C) → ((¬A → B) → C))) → (B → C)) → ((A → C) → ((B → C) → ((¬A → B) → C)))))
2025-12-27 00:05:51,999 - DEBUG - Подставляем в аксиому ((¬B → ¬A) → ((¬B → A) → B)) подстановку {'B': '((A → C) → ((B → C) → ((¬A → B) → C)))', 'A': 'C'}. Результат: ((((A → C) → ((B → C) → ((¬A → B) → C))) → C) → ((((A → C) → ((B → C) → ((¬A → B) → C))) → C) → ((A → C) → ((B → C) → ((¬A → B) → C)))))
2025-12-27 00:05:51,999 - DEBUG - Подставляем в аксиому ((¬B → ¬A) → ((¬B → A) → B)) подстановку {'B': '((A → C) → ((B → C) → ((¬A → B) → C)))', 'A': 'A'}. Результат: ((((A → C) → ((B → C) → ((¬A → B) → C))) → A) → ((((A → C) → ((B → C) → ((¬A → B) → C))) → A) → ((A → C) → ((B → C) → ((¬A → B) → C)))))
2025-12-27 00:05:51,999 - DEBUG - Подставляем в аксиому ((¬B → ¬A) → ((¬B → A) → B)) подстановку {'B': '((A → C) → ((B → C) → ((¬A → B) → C)))', 'A': '((B → C) → ((¬A → B) → C))'}. Результат: ((((A → C) → ((B → C) → ((¬A → B) → C))) → ((B → C) → ((¬A → B) → C))) → ((((A → C) → ((B → C) → ((¬A → B) → C))) → ((B → C) → ((¬A → B) → C))) → ((A → C) → ((B → C) → ((¬A → B) → C)))))
2025-12-27 00:05:51,999 - DEBUG - Подставляем в аксиому ((¬B → ¬A) → ((¬B → A) → B)) подстановку {'B': '((A → C) → ((B → C) → ((¬A → B) → C)))', 'A': '(A → C)'}. Результат: ((((A → C) → ((B → C) → ((¬A → B) → C))) → (A → C)) → ((((A → C) → ((B → C) → ((¬A → B) → C))) → (A → C)) → ((A → C) → ((B → C) → ((¬A → B) → C)))))
2025-12-27 00:05:51,999 - DEBUG - Подставляем в аксиому ((¬B → ¬A) → ((¬B → A) → B)) подстановку {'B': '((A → C) → ((B → C) → ((¬A → B) → C)))', 'A': '((A → C) → ((B → C) → ((¬A → B) → C)))'}. Результат: ((((A → C) → ((B → C) → ((¬A → B) → C))) → ((A → C) → ((B → C) → ((¬A → B) → C)))) → ((((A → C) → ((B → C) → ((¬A → B) → C))) → ((A → C) → ((B → C) → ((¬A → B) → C)))) → ((A → C) → ((B → C) → ((¬A → B) → C)))))
2025-12-27 00:05:52,001 - INFO - Используем правило вывода
2025-12-27 00:05:52,020 - DEBUG - Найдено соответствие для MP. Посылка 1: (¬A → (((¬A → B) → C) → ¬A)), Посылка с правилом вывода: ((¬A → (((¬A → B) → C) → ¬A)) → ((¬A → ((¬A → B) → C)) → (¬A → ¬A))), Новая посылка: ((¬A → ((¬A → B) → C)) → (¬A → ¬A))
2025-12-27 00:05:52,038 - DEBUG - Найдено соответствие для MP. Посылка 1: (¬A → ((B → C) → ¬A)), Посылка с правилом вывода: ((¬A → ((B → C) → ¬A)) → ((¬A → (B → C)) → (¬A → ¬A))), Новая посылка: ((¬A → (B → C)) → (¬A → ¬A))
2025-12-27 00:05:52,038 - DEBUG - Найдено соответствие для MP. Посылка 1: (C → (B → C)), Посылка с правилом вывода: ((C → (B → C)) → ((C → (B → C)) → C)), Новая посылка: ((C → (B → C)) → C)
2025-12-27 00:05:52,048 - DEBUG - Найдено соответствие для MP. Посылка 1: (¬A → (((A → C) → ((B → C) → ((¬A → B) → C))) → ¬A)), Посылка с правилом вывода: ((¬A → (((A → C) → ((B → C) → ((¬A → B) → C))) → ¬A)) → ((¬A → ((A → C) → ((B → C) → ((¬A → B) → C)))) → (¬A → ¬A))), Новая посылка: ((¬A → ((A → C) → ((B → C) → ((¬A → B) → C)))) → (¬A → ¬A))
2025-12-27 00:05:52,053 - DEBUG - Найдено соответствие для MP. Посылка 1: (C → ((¬A → B) → C)), Посылка с правилом вывода: ((C → ((¬A → B) → C)) → ((C → ((¬A → B) → C)) → C)), Новая посылка: ((C → ((¬A → B) → C)) → C)
2025-12-27 00:05:52,073 - DEBUG - Найдено соответствие для MP. Посылка 1: (¬A → (B → ¬A)), Посылка с правилом вывода: ((¬A → (B → ¬A)) → ((¬A → B) → (¬A → ¬A))), Новая посылка: ((¬A → B) → (¬A → ¬A))
2025-12-27 00:05:52,099 - DEBUG - Найдено соответствие для MP. Посылка 1: (¬A → (((B → C) → ((¬A → B) → C)) → ¬A)), Посылка с правилом вывода: ((¬A → (((B → C) → ((¬A → B) → C)) → ¬A)) → ((¬A → ((B → C) → ((¬A → B) → C))) → (¬A → ¬A))), Новая посылка: ((¬A → ((B → C) → ((¬A → B) → C))) → (¬A → ¬A))
2025-12-27 00:05:52,103 - DEBUG - Найдено соответствие для MP. Посылка 1: (¬A → ((¬A → B) → ¬A)), Посылка с правилом вывода: ((¬A → ((¬A → B) → ¬A)) → ((¬A → (¬A → B)) → (¬A → ¬A))), Новая посылка: ((¬A → (¬A → B)) → (¬A → ¬A))
2025-12-27 00:05:52,122 - DEBUG - Найдено соответствие для MP. Посылка 1: (¬A → (C → ¬A)), Посылка с правилом вывода: ((¬A → (C → ¬A)) → ((¬A → C) → (¬A → ¬A))), Новая посылка: ((¬A → C) → (¬A → ¬A))
2025-12-27 00:05:52,132 - DEBUG - Найдено соответствие для MP. Посылка 1: (((B → C) → ((¬A → B) → C)) → ((A → C) → ((B → C) → ((¬A → B) → C)))), Посылка с правилом вывода: ((((B → C) → ((¬A → B) → C)) → ((A → C) → ((B → C) → ((¬A → B) → C)))) → ((((B → C) → ((¬A → B) → C)) → ((A → C) → ((B → C) → ((¬A → B) → C)))) → ((B → C) → ((¬A → B) → C)))), Новая посылка: ((((B → C) → ((¬A → B) → C)) → ((A → C) → ((B → C) → ((¬A → B) → C)))) → ((B → C) → ((¬A → B) → C)))
2025-12-27 00:05:52,149 - DEBUG - Найдено соответствие для MP. Посылка 1: (C → (A → C)), Посылка с правилом вывода: ((C → (A → C)) → ((C → (A → C)) → C)), Новая посылка: ((C → (A → C)) → C)
2025-12-27 00:05:52,195 - DEBUG - Найдено соответствие для MP. Посылка 1: (¬A → (A → ¬A)), Посылка с правилом вывода: ((¬A → (A → ¬A)) → ((¬A → A) → (¬A → ¬A))), Новая посылка: ((¬A → A) → (¬A → ¬A))
2025-12-27 00:05:52,210 - DEBUG - Найдено соответствие для MP. Посылка 1: (¬A → ((A → C) → ¬A)), Посылка с правилом вывода: ((¬A → ((A → C) → ¬A)) → ((¬A → (A → C)) → (¬A → ¬A))), Новая посылка: ((¬A → (A → C)) → (¬A → ¬A))
2025-12-27 00:05:52,217 - DEBUG - Найдено соответствие для MP. Посылка 1: (((¬A → B) → C) → ((B → C) → ((¬A → B) → C))), Посылка с правилом вывода: ((((¬A → B) → C) → ((B → C) → ((¬A → B) → C))) → ((((¬A → B) → C) → ((B → C) → ((¬A → B) → C))) → ((¬A → B) → C))), Новая посылка: ((((¬A → B) → C) → ((B → C) → ((¬A → B) → C))) → ((¬A → B) → C))
2025-12-27 00:05:52,262 - DEBUG - Найдено соответствие для MP. Посылка 1: (B → (¬A → B)), Посылка с правилом вывода: ((B → (¬A → B)) → ((B → (¬A → B)) → B)), Новая посылка: ((B → (¬A → B)) → B)
2025-12-27 00:05:52,282 - DEBUG - Найдено соответствие для MP. Посылка 1: (¬A → (¬A → ¬A)), Посылка с правилом вывода: ((¬A → (¬A → ¬A)) → ((¬A → ¬A) → (¬A → ¬A))), Новая посылка: ((¬A → ¬A) → (¬A → ¬A))
2025-12-27 00:05:52,409 - INFO - Используем теорему дедукции
2025-12-27 00:05:52,409 - DEBUG - Применена теорема дедукции для посылки: ((¬A → (((¬A → B) → C) → (A → C))) → ((¬A → ((¬A → B) → C)) → (¬A → (A → C)))), Новая посылка: ((¬A → (C → (A → C))) → ((A ∨ ((A ∨ B) ∨ (¬A ∨ C))) → ((¬A → ((¬A → B) → C)) → (¬A → (A → C)))))
2025-12-27 00:05:52,409 - DEBUG - Применена теорема дедукции для посылки: ((¬A → ((B → C) → B)) → ((¬A → (B → C)) → (¬A → B))), Новая посылка: ((¬A → (C → B)) → ((A ∨ (B ∨ B)) → ((¬A → (B → C)) → (¬A → B))))
2025-12-27 00:05:52,409 - DEBUG - Применена теорема дедукции для посылки: ((A → C) → (((¬A → B) → C) → (A → C))), Новая посылка: ((¬A ∨ C) → (((¬A → B) → C) → (A → C)))
2025-12-27 00:05:52,409 - DEBUG - Применена теорема дедукции для посылки: ((¬A → (B → (A → C))) → ((¬A → B) → (¬A → (A → C)))), Новая посылка: ((A ∨ (¬B ∨ (¬A ∨ C))) → ((¬A → B) → (¬A → (A → C))))
2025-12-27 00:05:52,409 - DEBUG - Применена теорема дедукции для посылки: ((¬A → (((¬A → B) → C) → A)) → ((¬A → ((¬A → B) → C)) → (¬A → A))), Новая посылка: ((¬A → (C → A)) → ((A ∨ ((A ∨ B) ∨ A)) → ((¬A → ((¬A → B) → C)) → (¬A → A))))
2025-12-27 00:05:52,409 - DEBUG - Применена теорема дедукции для посылки: ((¬A → ((A → C) → B)) → ((¬A → (A → C)) → (¬A → B))), Новая посылка: ((¬A → (C → B)) → ((A ∨ (A ∨ B)) → ((¬A → (A → C)) → (¬A → B))))
2025-12-27 00:05:52,409 - DEBUG - Применена теорема дедукции для посылки: (((A → C) → (¬A → B)) → (((A → C) → (¬A → B)) → (A → C))), Новая посылка: ((C → (¬A → B)) → ((A ∨ (A ∨ B)) → (((A → C) → (¬A → B)) → (A → C))))
2025-12-27 00:05:52,410 - DEBUG - Применена теорема дедукции для посылки: ((¬A → (((¬A → B) → C) → B)) → ((¬A → ((¬A → B) → C)) → (¬A → B))), Новая посылка: ((¬A → (C → B)) → ((A ∨ ((A ∨ B) ∨ B)) → ((¬A → ((¬A → B) → C)) → (¬A → B))))
2025-12-27 00:05:52,410 - DEBUG - Применена теорема дедукции для посылки: (((B → C) → (¬A → B)) → (((B → C) → (¬A → B)) → (B → C))), Новая посылка: ((¬B → (¬A → B)) → ((¬C ∨ (A ∨ B)) → (((B → C) → (¬A → B)) → (B → C))))
2025-12-27 00:05:52,410 - DEBUG - Применена теорема дедукции для посылки: ((¬A → (((A → C) → ((B → C) → ((¬A → B) → C))) → ((¬A → B) → C))) → ((¬A → ((A → C) → ((B → C) → ((¬A → B) → C)))) → (¬A → ((¬A → B) → C)))), Новая посылка: (¬(¬((¬A → (¬(¬(B → C) → (¬(¬A → B) → C)) → (B → C))) → ¬(¬A → (¬(A → C) → (A → C)))) → ¬(¬A → (¬(¬(B → C) → (¬(¬A → B) → C)) → (A → C)))) → ((A ∨ ((¬A ∨ C) ∨ (¬B ∨ C))) → ((¬A → ((A → C) → ((B → C) → ((¬A → B) → C)))) → (¬A → ((¬A → B) → C)))))
2025-12-27 00:05:52,410 - DEBUG - Применена теорема дедукции для посылки: ((¬A → (((¬A → B) → C) → ¬A)) → ((¬A → ((¬A → B) → C)) → (¬A → ¬A))), Новая посылка: ((¬A → (¬(¬A → B) → ¬A)) → ((A ∨ (¬C ∨ ¬A)) → ((¬A → ((¬A → B) → C)) → (¬A → ¬A))))
2025-12-27 00:05:52,410 - DEBUG - Применена теорема дедукции для посылки: ((((¬A → B) → C) → ¬A) → ((((¬A → B) → C) → ¬A) → ((¬A → B) → C))), Новая посылка: ((¬(¬A → B) → ¬A) → ((¬C ∨ ¬A) → ((((¬A → B) → C) → ¬A) → ((¬A → B) → C))))
2025-12-27 00:05:52,410 - DEBUG - Применена теорема дедукции для посылки: (((¬A → B) → C) → (B → ((¬A → B) → C))), Новая посылка: ((B → C) → ((¬A ∨ C) → (B → ((¬A → B) → C))))
2025-12-27 00:05:52,410 - DEBUG - Применена теорема дедукции для посылки: ((¬A → B) → (C → (¬A → B))), Новая посылка: ((A ∨ B) → (C → (¬A → B)))
2025-12-27 00:05:52,410 - DEBUG - Применена теорема дедукции для посылки: ((¬A → ((A → C) → C)) → ((¬A → (A → C)) → (¬A → C))), Новая посылка: ((¬A → (C → C)) → ((A ∨ (A ∨ C)) → ((¬A → (A → C)) → (¬A → C))))
2025-12-27 00:05:52,410 - DEBUG - Применена теорема дедукции для посылки: ((C → A) → ((C → A) → C)), Новая посылка: ((¬C ∨ A) → ((C → A) → C))
2025-12-27 00:05:52,410 - DEBUG - Применена теорема дедукции для посылки: ((A → ((¬A → B) → C)) → ((A → ((¬A → B) → C)) → A)), Новая посылка: ((A → (A → C)) → ((¬A ∨ (¬B ∨ C)) → ((A → ((¬A → B) → C)) → A)))
2025-12-27 00:05:52,410 - DEBUG - Применена теорема дедукции для посылки: ((¬A → B) → ((¬A → B) → ¬A)), Новая посылка: ((A ∨ B) → ((¬A → B) → ¬A))
2025-12-27 00:05:52,410 - DEBUG - Применена теорема дедукции для посылки: ((¬A → ((B → C) → (B → C))) → ((¬A → (B → C)) → (¬A → (B → C)))), Новая посылка: ((¬A → (C → (B → C))) → ((A ∨ (B ∨ (¬B ∨ C))) → ((¬A → (B → C)) → (¬A → (B → C)))))
2025-12-27 00:05:52,410 - DEBUG - Применена теорема дедукции для посылки: ((¬A → ((A → C) → A)) → ((¬A → (A → C)) → (¬A → A))), Новая посылка: ((¬A → (C → A)) → ((A ∨ (A ∨ A)) → ((¬A → (A → C)) → (¬A → A))))
2025-12-27 00:05:52,410 - DEBUG - Применена теорема дедукции для посылки: ((¬A → (B → ((¬A → B) → C))) → ((¬A → B) → (¬A → ((¬A → B) → C)))), Новая посылка: ((¬A → (B → (A → C))) → ((A ∨ (¬B ∨ (¬B ∨ C))) → ((¬A → B) → (¬A → ((¬A → B) → C)))))
2025-12-27 00:05:52,411 - DEBUG - Применена теорема дедукции для посылки: ((¬A → ((B → C) → ¬A)) → ((¬A → (B → C)) → (¬A → ¬A))), Новая посылка: ((¬A → (¬B → ¬A)) → ((A ∨ (¬C ∨ ¬A)) → ((¬A → (B → C)) → (¬A → ¬A))))
2025-12-27 00:05:52,411 - DEBUG - Применена теорема дедукции для посылки: ((C → (B → C)) → ((C → (B → C)) → C)), Новая посылка: ((¬C ∨ (¬B ∨ C)) → ((C → (B → C)) → C))
2025-12-27 00:05:52,411 - DEBUG - Применена теорема дедукции для посылки: ((¬A → (C → ((¬A → B) → C))) → ((¬A → C) → (¬A → ((¬A → B) → C)))), Новая посылка: ((¬A → (C → (B → C))) → ((A ∨ (¬C ∨ (¬A ∨ C))) → ((¬A → C) → (¬A → ((¬A → B) → C)))))
2025-12-27 00:05:52,411 - DEBUG - Применена теорема дедукции для посылки: ((¬A → (¬A → ((A → C) → ((B → C) → ((¬A → B) → C))))) → ((¬A → ¬A) → (¬A → ((A → C) → ((B → C) → ((¬A → B) → C)))))), Новая посылка: (¬(¬(¬(¬(¬(¬((¬A → (¬A → (C → (¬B → (A → C))))) → ¬(¬A → (¬A → (C → (C → (A → C)))))) → ¬(¬A → (¬A → (C → (¬B → (B → C)))))) → ¬(¬A → (¬A → (¬A → (C → (B → C)))))) → ¬(¬A → (¬A → (¬A → (¬B → (A → C)))))) → ¬(¬A → (¬A → (¬A → (¬B → (B → C)))))) → ¬(¬A → (¬A → (¬A → (C → (A → C)))))) → ((A ∨ (A ∨ (¬C ∨ (¬C ∨ (¬B ∨ C))))) → ((¬A → ¬A) → (¬A → ((A → C) → ((B → C) → ((¬A → B) → C)))))))
2025-12-27 00:05:52,411 - DEBUG - Применена теорема дедукции для посылки: ((((¬A → B) → C) → A) → ((((¬A → B) → C) → A) → ((¬A → B) → C))), Новая посылка: ((C → A) → (((A ∨ B) ∨ A) → ((((¬A → B) → C) → A) → ((¬A → B) → C))))
2025-12-27 00:05:52,411 - DEBUG - Применена теорема дедукции для посылки: (((B → C) → ((¬A → B) → C)) → ((A → C) → ((B → C) → ((¬A → B) → C)))), Новая посылка: (¬(¬((C → (A → C)) → ¬(¬B → (A → C))) → ¬(C → (B → C))) → ((B ∨ (¬B ∨ C)) → ((A → C) → ((B → C) → ((¬A → B) → C)))))
2025-12-27 00:05:52,411 - DEBUG - Применена теорема дедукции для посылки: ((¬A → (A → C)) → ((¬A → (A → C)) → ¬A)), Новая посылка: ((A ∨ (¬A ∨ C)) → ((¬A → (A → C)) → ¬A))
2025-12-27 00:05:52,411 - DEBUG - Применена теорема дедукции для посылки: ((¬A → (((A → C) → ((B → C) → ((¬A → B) → C))) → ¬A)) → ((¬A → ((A → C) → ((B → C) → ((¬A → B) → C)))) → (¬A → ¬A))), Новая посылка: ((¬A → (¬(A → C) → ¬A)) → ((A ∨ (((¬B ∨ C) ∨ ((A ∨ B) ∨ C)) ∨ ¬A)) → ((¬A → ((A → C) → ((B → C) → ((¬A → B) → C)))) → (¬A → ¬A))))
2025-12-27 00:05:52,411 - DEBUG - Применена теорема дедукции для посылки: ((¬A → (((B → C) → ((¬A → B) → C)) → A)) → ((¬A → ((B → C) → ((¬A → B) → C))) → (¬A → A))), Новая посылка: ((¬A → (¬(B → C) → A)) → ((A ∨ (((A ∨ B) ∨ C) ∨ A)) → ((¬A → ((B → C) → ((¬A → B) → C))) → (¬A → A))))
2025-12-27 00:05:52,411 - DEBUG - Применена теорема дедукции для посылки: ((¬A → B) → (A → (¬A → B))), Новая посылка: ((A ∨ B) → (A → (¬A → B)))
2025-12-27 00:05:52,411 - DEBUG - Применена теорема дедукции для посылки: ((C → ((¬A → B) → C)) → ((C → ((¬A → B) → C)) → C)), Новая посылка: ((C → (B → C)) → ((¬C ∨ (¬A ∨ C)) → ((C → ((¬A → B) → C)) → C)))
2025-12-27 00:05:52,412 - DEBUG - Применена теорема дедукции для посылки: ((((¬A → B) → C) → ((A → C) → ((B → C) → ((¬A → B) → C)))) → ((((¬A → B) → C) → ((A → C) → ((B → C) → ((¬A → B) → C)))) → ((¬A → B) → C))), Новая посылка: (¬(¬(¬(¬(¬(¬(¬(¬(¬(¬(¬(¬(¬(¬((C → (¬A → (¬B → (B → C)))) → ¬(¬(¬A → B) → (C → (C → (B → C))))) → ¬(¬(¬A → B) → (¬A → (C → (B → C))))) → ¬(C → (¬A → (C → (B → C))))) → ¬(C → (C → (C → (A → C))))) → ¬(C → (C → (¬B → (B → C))))) → ¬(¬(¬A → B) → (¬A → (C → (A → C))))) → ¬(¬(¬A → B) → (¬A → (¬B → (A → C))))) → ¬(¬(¬A → B) → (¬A → (¬B → (B → C))))) → ¬(C → (C → (¬B → (A → C))))) → ¬(¬(¬A → B) → (C → (¬B → (B → C))))) → ¬(C → (¬A → (¬B → (A → C))))) → ¬(¬(¬A → B) → (C → (C → (A → C))))) → ¬(¬(¬A → B) → (C → (¬B → (A → C))))) → ¬(C → (C → (C → (B → C))))) → ((¬C ∨ (A ∨ (¬C ∨ (¬A ∨ C)))) → ((((¬A → B) → C) → ((A → C) → ((B → C) → ((¬A → B) → C)))) → ((¬A → B) → C))))
2025-12-27 00:05:52,412 - DEBUG - Применена теорема дедукции для посылки: ((¬A → ((¬A → B) → B)) → ((¬A → (¬A → B)) → (¬A → B))), Новая посылка: ((¬A → (B → B)) → ((A ∨ (¬A ∨ B)) → ((¬A → (¬A → B)) → (¬A → B))))
2025-12-27 00:05:52,412 - DEBUG - Применена теорема дедукции для посылки: (((A → C) → ((B → C) → ((¬A → B) → C))) → (C → ((A → C) → ((B → C) → ((¬A → B) → C))))), Новая посылка: (¬(¬(¬(¬(¬(¬((¬A → (¬B → (A → C))) → ¬(C → (C → (A → C)))) → ¬(¬A → (C → (A → C)))) → ¬(C → (¬B → (B → C)))) → ¬(C → (¬B → (A → C)))) → ¬(C → (C → (B → C)))) → ¬(¬A → (C → (B → C)))) → ((A ∨ (B ∨ (¬B ∨ C))) → (C → ((A → C) → ((B → C) → ((¬A → B) → C))))))
2025-12-27 00:05:52,412 - DEBUG - Применена теорема дедукции для посылки: (((¬A → B) → A) → (((¬A → B) → A) → (¬A → B))), Новая посылка: ((A → A) → ((¬B ∨ A) → (((¬A → B) → A) → (¬A → B))))
2025-12-27 00:05:52,412 - DEBUG - Применена теорема дедукции для посылки: (((A → C) → ((B → C) → ((¬A → B) → C))) → (A → ((A → C) → ((B → C) → ((¬A → B) → C))))), Новая посылка: (¬(¬(¬(¬(¬(¬((¬A → (¬B → (A → C))) → ¬(¬A → (C → (A → C)))) → ¬(C → (¬B → (B → C)))) → ¬(C → (¬B → (A → C)))) → ¬(C → (C → (B → C)))) → ¬(¬A → (¬B → (B → C)))) → ¬(¬A → (C → (B → C)))) → ((¬C ∨ (¬C ∨ (¬A ∨ C))) → (A → ((A → C) → ((B → C) → ((¬A → B) → C))))))
2025-12-27 00:05:52,412 - DEBUG - Применена теорема дедукции для посылки: ((A → (¬A → B)) → ((A → (¬A → B)) → A)), Новая посылка: ((¬A ∨ (A ∨ B)) → ((A → (¬A → B)) → A))
2025-12-27 00:05:52,412 - DEBUG - Применена теорема дедукции для посылки: ((¬A → B) → (((A → C) → ((B → C) → ((¬A → B) → C))) → (¬A → B))), Новая посылка: ((A ∨ B) → (((A → C) → ((B → C) → ((¬A → B) → C))) → (¬A → B)))
2025-12-27 00:05:52,412 - DEBUG - Применена теорема дедукции для посылки: ((¬A → B) → ((B → C) → (¬A → B))), Новая посылка: ((A ∨ B) → ((B → C) → (¬A → B)))
2025-12-27 00:05:52,413 - DEBUG - Применена теорема дедукции для посылки: (((B → C) → ((¬A → B) → C)) → (((B → C) → ((¬A → B) → C)) → ((B → C) → ((¬A → B) → C)))), Новая посылка: (¬(¬((C → (A → C)) → ¬(¬B → (B → C))) → ¬(¬B → (A → C))) → ((¬C ∨ (¬B ∨ C)) → (((B → C) → ((¬A → B) → C)) → ((B → C) → ((¬A → B) → C)))))
2025-12-27 00:05:52,413 - DEBUG - Применена теорема дедукции для посылки: ((¬A → (¬A → (B → C))) → ((¬A → ¬A) → (¬A → (B → C)))), Новая посылка: ((A ∨ (A ∨ (¬B ∨ C))) → ((¬A → ¬A) → (¬A → (B → C))))
2025-12-27 00:05:52,413 - DEBUG - Применена теорема дедукции для посылки: ((¬A → (B → ¬A)) → ((¬A → B) → (¬A → ¬A))), Новая посылка: ((A ∨ (¬B ∨ ¬A)) → ((¬A → B) → (¬A → ¬A)))
2025-12-27 00:05:52,413 - DEBUG - Применена теорема дедукции для посылки: ((¬A → (((¬A → B) → C) → ((A → C) → ((B → C) → ((¬A → B) → C))))) → ((¬A → ((¬A → B) → C)) → (¬A → ((A → C) → ((B → C) → ((¬A → B) → C)))))), Новая посылка: (¬(¬(¬(¬(¬(¬(¬(¬(¬(¬(¬(¬(¬(¬((¬A → (¬(¬A → B) → (C → (¬B → (B → C))))) → ¬(¬A → (¬(¬A → B) → (C → (C → (A → C)))))) → ¬(¬A → (C → (C → (¬B → (A → C)))))) → ¬(¬A → (C → (C → (C → (A → C)))))) → ¬(¬A → (C → (¬A → (¬B → (B → C)))))) → ¬(¬A → (C → (¬A → (¬B → (A → C)))))) → ¬(¬A → (C → (C → (C → (B → C)))))) → ¬(¬A → (¬(¬A → B) → (¬A → (¬B → (A → C)))))) → ¬(¬A → (¬(¬A → B) → (C → (C → (B → C)))))) → ¬(¬A → (C → (¬A → (C → (A → C)))))) → ¬(¬A → (¬(¬A → B) → (C → (¬B → (A → C)))))) → ¬(¬A → (¬(¬A → B) → (¬A → (C → (B → C)))))) → ¬(¬A → (¬(¬A → B) → (¬A → (C → (A → C)))))) → ¬(¬A → (¬(¬A → B) → (¬A → (¬B → (B → C)))))) → ¬(¬A → (C → (¬A → (C → (B → C)))))) → ((A ∨ (¬C ∨ (¬C ∨ (B ∨ (¬B ∨ C))))) → ((¬A → ((¬A → B) → C)) → (¬A → ((A → C) → ((B → C) → ((¬A → B) → C)))))))
2025-12-27 00:05:52,414 - DEBUG - Применена теорема дедукции для посылки: ((¬A → ((B → C) → ((A → C) → ((B → C) → ((¬A → B) → C))))) → ((¬A → (B → C)) → (¬A → ((A → C) → ((B → C) → ((¬A → B) → C)))))), Новая посылка: (¬(¬(¬(¬(¬(¬(¬(¬(¬(¬(¬(¬(¬(¬((¬A → (C → (C → (¬B → (A → C))))) → ¬(¬A → (¬B → (¬A → (C → (B → C)))))) → ¬(¬A → (C → (C → (C → (A → C)))))) → ¬(¬A → (C → (¬A → (¬B → (B → C)))))) → ¬(¬A → (¬B → (¬A → (¬B → (A → C)))))) → ¬(¬A → (C → (¬A → (¬B → (A → C)))))) → ¬(¬A → (¬B → (¬A → (¬B → (B → C)))))) → ¬(¬A → (C → (C → (C → (B → C)))))) → ¬(¬A → (C → (¬A → (C → (A → C)))))) → ¬(¬A → (¬B → (¬A → (C → (A → C)))))) → ¬(¬A → (¬B → (C → (¬B → (A → C)))))) → ¬(¬A → (¬B → (C → (C → (A → C)))))) → ¬(¬A → (¬B → (C → (¬B → (B → C)))))) → ¬(¬A → (¬B → (C → (C → (B → C)))))) → ¬(¬A → (C → (¬A → (C → (B → C)))))) → ((A ∨ (¬C ∨ (¬C ∨ (B ∨ (¬B ∨ C))))) → ((¬A → (B → C)) → (¬A → ((A → C) → ((B → C) → ((¬A → B) → C)))))))
2025-12-27 00:05:52,414 - DEBUG - Применена теорема дедукции для посылки: (((¬A → B) → (¬A → B)) → (((¬A → B) → (¬A → B)) → (¬A → B))), Новая посылка: ((A → (¬A → B)) → ((¬B ∨ (A ∨ B)) → (((¬A → B) → (¬A → B)) → (¬A → B))))
2025-12-27 00:05:52,414 - DEBUG - Применена теорема дедукции для посылки: ((B → ¬A) → ((B → ¬A) → B)), Новая посылка: ((¬B ∨ ¬A) → ((B → ¬A) → B))
2025-12-27 00:05:52,414 - DEBUG - Применена теорема дедукции для посылки: (((A → C) → (B → C)) → (((A → C) → (B → C)) → (A → C))), Новая посылка: ((¬A → (B → C)) → ((¬C ∨ (¬B ∨ C)) → (((A → C) → (B → C)) → (A → C))))
2025-12-27 00:05:52,414 - DEBUG - Применена теорема дедукции для посылки: ((¬A → ((B → C) → A)) → ((¬A → (B → C)) → (¬A → A))), Новая посылка: ((¬A → (¬B → A)) → ((A ∨ (¬C ∨ A)) → ((¬A → (B → C)) → (¬A → A))))
2025-12-27 00:05:52,414 - DEBUG - Применена теорема дедукции для посылки: ((¬A → (C → (A → C))) → ((¬A → C) → (¬A → (A → C)))), Новая посылка: ((A ∨ (¬C ∨ (¬A ∨ C))) → ((¬A → C) → (¬A → (A → C))))
2025-12-27 00:05:52,414 - DEBUG - Применена теорема дедукции для посылки: (((¬A → B) → C) → (((¬A → B) → C) → (¬A → B))), Новая посылка: ((A → C) → ((¬B ∨ C) → (((¬A → B) → C) → (¬A → B))))
2025-12-27 00:05:52,414 - DEBUG - Применена теорема дедукции для посылки: ((B → (B → C)) → ((B → (B → C)) → B)), Новая посылка: ((¬B ∨ (¬B ∨ C)) → ((B → (B → C)) → B))
2025-12-27 00:05:52,414 - DEBUG - Применена теорема дедукции для посылки: ((¬A → (¬A → (A → C))) → ((¬A → ¬A) → (¬A → (A → C)))), Новая посылка: ((A ∨ (A ∨ (¬A ∨ C))) → ((¬A → ¬A) → (¬A → (A → C))))
2025-12-27 00:05:52,414 - DEBUG - Применена теорема дедукции для посылки: ((¬A → (((A → C) → ((B → C) → ((¬A → B) → C))) → A)) → ((¬A → ((A → C) → ((B → C) → ((¬A → B) → C)))) → (¬A → A))), Новая посылка: ((¬A → (¬(A → C) → A)) → ((A ∨ (((¬B ∨ C) ∨ ((A ∨ B) ∨ C)) ∨ A)) → ((¬A → ((A → C) → ((B → C) → ((¬A → B) → C)))) → (¬A → A))))
2025-12-27 00:05:52,414 - DEBUG - Применена теорема дедукции для посылки: ((A → C) → (((B → C) → ((¬A → B) → C)) → (A → C))), Новая посылка: ((¬A ∨ C) → (((B → C) → ((¬A → B) → C)) → (A → C)))
2025-12-27 00:05:52,414 - DEBUG - Применена теорема дедукции для посылки: ((¬A → ((¬A → B) → A)) → ((¬A → (¬A → B)) → (¬A → A))), Новая посылка: ((¬A → (B → A)) → ((A ∨ (¬A ∨ A)) → ((¬A → (¬A → B)) → (¬A → A))))
2025-12-27 00:05:52,414 - DEBUG - Применена теорема дедукции для посылки: ((¬A → (((B → C) → ((¬A → B) → C)) → ¬A)) → ((¬A → ((B → C) → ((¬A → B) → C))) → (¬A → ¬A))), Новая посылка: ((¬A → (¬(B → C) → ¬A)) → ((A ∨ (((A ∨ B) ∨ C) ∨ ¬A)) → ((¬A → ((B → C) → ((¬A → B) → C))) → (¬A → ¬A))))
2025-12-27 00:05:52,414 - DEBUG - Применена теорема дедукции для посылки: ((((A → C) → ((B → C) → ((¬A → B) → C))) → ¬A) → ((((A → C) → ((B → C) → ((¬A → B) → C))) → ¬A) → ((A → C) → ((B → C) → ((¬A → B) → C))))), Новая посылка: ((¬(¬(B → C) → (¬(¬A → B) → C)) → ¬A) → (((¬A ∨ C) ∨ ¬A) → ((((A → C) → ((B → C) → ((¬A → B) → C))) → ¬A) → ((A → C) → ((B → C) → ((¬A → B) → C))))))
2025-12-27 00:05:52,414 - DEBUG - Применена теорема дедукции для посылки: ((C → C) → ((C → C) → C)), Новая посылка: ((¬C ∨ C) → ((C → C) → C))
2025-12-27 00:05:52,415 - DEBUG - Применена теорема дедукции для посылки: ((¬A → ((¬A → B) → ¬A)) → ((¬A → (¬A → B)) → (¬A → ¬A))), Новая посылка: ((¬A → (A → ¬A)) → ((A ∨ (¬B ∨ ¬A)) → ((¬A → (¬A → B)) → (¬A → ¬A))))
2025-12-27 00:05:52,415 - DEBUG - Применена теорема дедукции для посылки: ((((¬A → B) → C) → B) → ((((¬A → B) → C) → B) → ((¬A → B) → C))), Новая посылка: ((C → B) → (((A ∨ B) ∨ B) → ((((¬A → B) → C) → B) → ((¬A → B) → C))))
2025-12-27 00:05:52,415 - DEBUG - Применена теорема дедукции для посылки: ((A → ¬A) → ((A → ¬A) → A)), Новая посылка: ((¬A ∨ ¬A) → ((A → ¬A) → A))
2025-12-27 00:05:52,415 - DEBUG - Применена теорема дедукции для посылки: (((A → C) → C) → (((A → C) → C) → (A → C))), Новая посылка: ((¬A → C) → ((¬C ∨ C) → (((A → C) → C) → (A → C))))
2025-12-27 00:05:52,415 - DEBUG - Применена теорема дедукции для посылки: ((¬A → (((B → C) → ((¬A → B) → C)) → ((B → C) → ((¬A → B) → C)))) → ((¬A → ((B → C) → ((¬A → B) → C))) → (¬A → ((B → C) → ((¬A → B) → C))))), Новая посылка: (¬(¬(¬(¬(¬(¬((¬A → (¬(¬(¬A → B) → C) → (¬B → (B → C)))) → ¬(¬A → (¬(B → C) → (C → (B → C))))) → ¬(¬A → (¬(B → C) → (C → (A → C))))) → ¬(¬A → (¬(¬(¬A → B) → C) → (C → (A → C))))) → ¬(¬A → (¬(¬(¬A → B) → C) → (¬B → (A → C))))) → ¬(¬A → (¬(¬(¬A → B) → C) → (C → (B → C))))) → ¬(¬A → (¬(B → C) → (¬B → (A → C))))) → ((A ∨ ((¬B ∨ C) ∨ (B ∨ (¬B ∨ C)))) → ((¬A → ((B → C) → ((¬A → B) → C))) → (¬A → ((B → C) → ((¬A → B) → C))))))
2025-12-27 00:05:52,415 - DEBUG - Применена теорема дедукции для посылки: ((C → (¬A → B)) → ((C → (¬A → B)) → C)), Новая посылка: ((¬C ∨ (A ∨ B)) → ((C → (¬A → B)) → C))
2025-12-27 00:05:52,415 - DEBUG - Применена теорема дедукции для посылки: ((A → ((B → C) → ((¬A → B) → C))) → ((A → ((B → C) → ((¬A → B) → C))) → A)), Новая посылка: (¬(¬((A → (¬B → (A → C))) → ¬(A → (¬B → (B → C)))) → ¬(A → (C → (B → C)))) → ((¬A ∨ (¬C ∨ (¬A ∨ C))) → ((A → ((B → C) → ((¬A → B) → C))) → A)))
2025-12-27 00:05:52,415 - DEBUG - Применена теорема дедукции для посылки: (((A → C) → ((B → C) → ((¬A → B) → C))) → (((B → C) → ((¬A → B) → C)) → ((A → C) → ((B → C) → ((¬A → B) → C))))), Новая посылка: (¬(¬(¬(¬(¬(¬((¬A → (¬B → (A → C))) → ¬(C → (C → (A → C)))) → ¬(¬A → (C → (A → C)))) → ¬(C → (¬B → (A → C)))) → ¬(C → (C → (B → C)))) → ¬(¬A → (¬B → (B → C)))) → ¬(¬A → (C → (B → C)))) → ((¬C ∨ (B ∨ (¬B ∨ C))) → (((B → C) → ((¬A → B) → C)) → ((A → C) → ((B → C) → ((¬A → B) → C))))))
2025-12-27 00:05:52,415 - DEBUG - Применена теорема дедукции для посылки: ((¬A → (B → C)) → ((¬A → B) → (¬A → C))), Новая посылка: ((A ∨ (¬B ∨ C)) → ((¬A → B) → (¬A → C)))
2025-12-27 00:05:52,415 - DEBUG - Применена теорема дедукции для посылки: ((¬A → ((¬A → B) → C)) → ((¬A → ((¬A → B) → C)) → ¬A)), Новая посылка: ((¬A → (B → C)) → ((A ∨ (¬A ∨ C)) → ((¬A → ((¬A → B) → C)) → ¬A)))
2025-12-27 00:05:52,416 - DEBUG - Применена теорема дедукции для посылки: (((A → C) → ((B → C) → ((¬A → B) → C))) → (((A → C) → ((B → C) → ((¬A → B) → C))) → (A → C))), Новая посылка: (¬(¬(¬(¬(¬(¬((¬A → (¬B → (A → C))) → ¬(C → (C → (A → C)))) → ¬(¬A → (C → (A → C)))) → ¬(C → (¬B → (B → C)))) → ¬(C → (C → (B → C)))) → ¬(¬A → (¬B → (B → C)))) → ¬(¬A → (C → (B → C)))) → ((¬C ∨ (B ∨ (¬A ∨ C))) → (((A → C) → ((B → C) → ((¬A → B) → C))) → (A → C))))
2025-12-27 00:05:52,416 - DEBUG - Применена теорема дедукции для посылки: ((¬A → C) → ((¬A → C) → ¬A)), Новая посылка: ((A ∨ C) → ((¬A → C) → ¬A))
2025-12-27 00:05:52,416 - DEBUG - Применена теорема дедукции для посылки: ((((A → C) → ((B → C) → ((¬A → B) → C))) → B) → ((((A → C) → ((B → C) → ((¬A → B) → C))) → B) → ((A → C) → ((B → C) → ((¬A → B) → C))))), Новая посылка: ((¬(¬(B → C) → (¬(¬A → B) → C)) → B) → (((¬A ∨ C) ∨ B) → ((((A → C) → ((B → C) → ((¬A → B) → C))) → B) → ((A → C) → ((B → C) → ((¬A → B) → C))))))
2025-12-27 00:05:52,416 - DEBUG - Применена теорема дедукции для посылки: ((¬A → (C → ¬A)) → ((¬A → C) → (¬A → ¬A))), Новая посылка: ((A ∨ (¬C ∨ ¬A)) → ((¬A → C) → (¬A → ¬A)))
2025-12-27 00:05:52,416 - DEBUG - Применена теорема дедукции для посылки: ((C → B) → ((C → B) → C)), Новая посылка: ((¬C ∨ B) → ((C → B) → C))
2025-12-27 00:05:52,416 - DEBUG - Применена теорема дедукции для посылки: ((B → (A → C)) → ((B → (A → C)) → B)), Новая посылка: ((¬B ∨ (¬A ∨ C)) → ((B → (A → C)) → B))
2025-12-27 00:05:52,416 - DEBUG - Применена теорема дедукции для посылки: (((B → C) → ((¬A → B) → C)) → (¬A → ((B → C) → ((¬A → B) → C)))), Новая посылка: (¬(¬((C → (A → C)) → ¬(¬B → (A → C))) → ¬(C → (B → C))) → ((B ∨ (¬B ∨ C)) → (¬A → ((B → C) → ((¬A → B) → C)))))
2025-12-27 00:05:52,416 - DEBUG - Применена теорема дедукции для посылки: ((A → C) → (¬A → (A → C))), Новая посылка: ((¬A ∨ C) → (¬A → (A → C)))
2025-12-27 00:05:52,416 - DEBUG - Применена теорема дедукции для посылки: ((A → (B → C)) → ((A → (B → C)) → A)), Новая посылка: ((¬A ∨ (¬B ∨ C)) → ((A → (B → C)) → A))
2025-12-27 00:05:52,416 - DEBUG - Применена теорема дедукции для посылки: ((B → C) → (C → (B → C))), Новая посылка: ((¬B ∨ C) → (C → (B → C)))
2025-12-27 00:05:52,416 - DEBUG - Применена теорема дедукции для посылки: (((¬A → B) → (B → C)) → (((¬A → B) → (B → C)) → (¬A → B))), Новая посылка: ((B → (B → C)) → ((¬A ∨ (¬B ∨ C)) → (((¬A → B) → (B → C)) → (¬A → B))))
2025-12-27 00:05:52,416 - DEBUG - Применена теорема дедукции для посылки: ((((A → C) → ((B → C) → ((¬A → B) → C))) → C) → ((((A → C) → ((B → C) → ((¬A → B) → C))) → C) → ((A → C) → ((B → C) → ((¬A → B) → C))))), Новая посылка: ((¬(¬(B → C) → (¬(¬A → B) → C)) → C) → (((¬A ∨ C) ∨ C) → ((((A → C) → ((B → C) → ((¬A → B) → C))) → C) → ((A → C) → ((B → C) → ((¬A → B) → C))))))
2025-12-27 00:05:52,417 - DEBUG - Применена теорема дедукции для посылки: ((((B → C) → ((¬A → B) → C)) → ((A → C) → ((B → C) → ((¬A → B) → C)))) → ((((B → C) → ((¬A → B) → C)) → ((A → C) → ((B → C) → ((¬A → B) → C)))) → ((B → C) → ((¬A → B) → C)))), Новая посылка: (¬(¬(¬(¬(¬(¬(¬(¬(¬(¬(¬(¬(¬(¬((¬(B → C) → (C → (¬B → (B → C)))) → ¬(¬(B → C) → (¬A → (¬B → (A → C))))) → ¬(¬(¬(¬A → B) → C) → (C → (C → (B → C))))) → ¬(¬(B → C) → (¬A → (¬B → (B → C))))) → ¬(¬(¬(¬A → B) → C) → (¬A → (C → (B → C))))) → ¬(¬(¬(¬A → B) → C) → (¬A → (C → (A → C))))) → ¬(¬(B → C) → (C → (C → (A → C))))) → ¬(¬(¬(¬A → B) → C) → (C → (C → (A → C))))) → ¬(¬(¬(¬A → B) → C) → (C → (¬B → (A → C))))) → ¬(¬(B → C) → (C → (C → (B → C))))) → ¬(¬(¬(¬A → B) → C) → (C → (¬B → (B → C))))) → ¬(¬(B → C) → (C → (¬B → (A → C))))) → ¬(¬(¬(¬A → B) → C) → (¬A → (¬B → (B → C))))) → ¬(¬(B → C) → (¬A → (C → (B → C))))) → ¬(¬(¬(¬A → B) → C) → (¬A → (¬B → (A → C))))) → (((¬B ∨ C) ∨ (A ∨ (¬C ∨ (¬A ∨ C)))) → ((((B → C) → ((¬A → B) → C)) → ((A → C) → ((B → C) → ((¬A → B) → C)))) → ((B → C) → ((¬A → B) → C)))))
2025-12-27 00:05:52,417 - DEBUG - Применена теорема дедукции для посылки: ((¬A → ((A → C) → ((A → C) → ((B → C) → ((¬A → B) → C))))) → ((¬A → (A → C)) → (¬A → ((A → C) → ((B → C) → ((¬A → B) → C)))))), Новая посылка: (¬(¬(¬(¬(¬(¬(¬(¬(¬(¬(¬(¬(¬(¬((¬A → (C → (C → (¬B → (A → C))))) → ¬(¬A → (¬A → (C → (¬B → (A → C)))))) → ¬(¬A → (C → (C → (C → (A → C)))))) → ¬(¬A → (C → (¬A → (¬B → (B → C)))))) → ¬(¬A → (C → (¬A → (¬B → (A → C)))))) → ¬(¬A → (C → (C → (C → (B → C)))))) → ¬(¬A → (¬A → (C → (C → (A → C)))))) → ¬(¬A → (C → (¬A → (C → (B → C)))))) → ¬(¬A → (C → (¬A → (C → (A → C)))))) → ¬(¬A → (¬A → (C → (¬B → (B → C)))))) → ¬(¬A → (¬A → (¬A → (C → (B → C)))))) → ¬(¬A → (C → (C → (¬B → (B → C)))))) → ¬(¬A → (¬A → (¬A → (¬B → (A → C)))))) → ¬(¬A → (¬A → (C → (C → (B → C)))))) → ¬(¬A → (¬A → (¬A → (C → (A → C)))))) → ((A ∨ (A ∨ (A ∨ (B ∨ (¬B ∨ C))))) → ((¬A → (A → C)) → (¬A → ((A → C) → ((B → C) → ((¬A → B) → C)))))))
2025-12-27 00:05:52,417 - DEBUG - Применена теорема дедукции для посылки: ((B → C) → (((¬A → B) → C) → (B → C))), Новая посылка: ((¬B ∨ C) → (((¬A → B) → C) → (B → C)))
2025-12-27 00:05:52,417 - DEBUG - Применена теорема дедукции для посылки: ((¬A → (A → (B → C))) → ((¬A → A) → (¬A → (B → C)))), Новая посылка: ((A ∨ (¬A ∨ (¬B ∨ C))) → ((¬A → A) → (¬A → (B → C))))
2025-12-27 00:05:52,418 - DEBUG - Применена теорема дедукции для посылки: ((¬A → (((A → C) → ((B → C) → ((¬A → B) → C))) → ((B → C) → ((¬A → B) → C)))) → ((¬A → ((A → C) → ((B → C) → ((¬A → B) → C)))) → (¬A → ((B → C) → ((¬A → B) → C))))), Новая посылка: (¬(¬(¬(¬(¬(¬((¬A → (¬(¬(B → C) → (¬(¬A → B) → C)) → (C → (A → C)))) → ¬(¬A → (¬(A → C) → (¬B → (A → C))))) → ¬(¬A → (¬(A → C) → (¬B → (B → C))))) → ¬(¬A → (¬(¬(B → C) → (¬(¬A → B) → C)) → (¬B → (A → C))))) → ¬(¬A → (¬(¬(B → C) → (¬(¬A → B) → C)) → (¬B → (B → C))))) → ¬(¬A → (¬(¬(B → C) → (¬(¬A → B) → C)) → (C → (B → C))))) → ¬(¬A → (¬(A → C) → (C → (B → C))))) → ((A ∨ ((¬A ∨ C) ∨ (¬C ∨ (¬A ∨ C)))) → ((¬A → ((A → C) → ((B → C) → ((¬A → B) → C)))) → (¬A → ((B → C) → ((¬A → B) → C))))))
2025-12-27 00:05:52,418 - DEBUG - Применена теорема дедукции для посылки: (((B → C) → ((B → C) → ((¬A → B) → C))) → (((B → C) → ((B → C) → ((¬A → B) → C))) → (B → C))), Новая посылка: (¬(¬(¬(¬(¬(¬((C → (C → (A → C))) → ¬(C → (¬B → (B → C)))) → ¬(¬B → (C → (A → C)))) → ¬(C → (¬B → (A → C)))) → ¬(C → (C → (B → C)))) → ¬(¬B → (¬B → (B → C)))) → ¬(¬B → (C → (B → C)))) → ((B ∨ (B ∨ (¬A ∨ C))) → (((B → C) → ((B → C) → ((¬A → B) → C))) → (B → C))))
2025-12-27 00:05:52,418 - DEBUG - Применена теорема дедукции для посылки: (((A → C) → B) → (((A → C) → B) → (A → C))), Новая посылка: ((C → B) → ((A ∨ B) → (((A → C) → B) → (A → C))))
2025-12-27 00:05:52,418 - DEBUG - Применена теорема дедукции для посылки: (((¬A → B) → C) → ((B → C) → ((¬A → B) → C))), Новая посылка: ((B → C) → ((¬A ∨ C) → ((B → C) → ((¬A → B) → C))))
2025-12-27 00:05:52,418 - DEBUG - Применена теорема дедукции для посылки: ((C → (A → C)) → ((C → (A → C)) → C)), Новая посылка: ((¬C ∨ (¬A ∨ C)) → ((C → (A → C)) → C))
2025-12-27 00:05:52,418 - DEBUG - Применена теорема дедукции для посылки: ((¬A → (B → ((B → C) → ((¬A → B) → C)))) → ((¬A → B) → (¬A → ((B → C) → ((¬A → B) → C))))), Новая посылка: (¬(¬((¬A → (B → (¬B → (A → C)))) → ¬(¬A → (B → (C → (A → C))))) → ¬(¬A → (B → (C → (B → C))))) → ((A ∨ (¬B ∨ (B ∨ (¬B ∨ C)))) → ((¬A → B) → (¬A → ((B → C) → ((¬A → B) → C))))))
2025-12-27 00:05:52,418 - DEBUG - Применена теорема дедукции для посылки: ((B → ((B → C) → ((¬A → B) → C))) → ((B → ((B → C) → ((¬A → B) → C))) → B)), Новая посылка: (¬(¬((B → (¬B → (A → C))) → ¬(B → (C → (A → C)))) → ¬(B → (¬B → (B → C)))) → ((¬B ∨ (¬C ∨ (¬B ∨ C))) → ((B → ((B → C) → ((¬A → B) → C))) → B)))
2025-12-27 00:05:52,418 - DEBUG - Применена теорема дедукции для посылки: ((B → C) → (((A → C) → ((B → C) → ((¬A → B) → C))) → (B → C))), Новая посылка: ((¬B ∨ C) → (((A → C) → ((B → C) → ((¬A → B) → C))) → (B → C)))
2025-12-27 00:05:52,418 - DEBUG - Применена теорема дедукции для посылки: ((¬A → (¬A → B)) → ((¬A → ¬A) → (¬A → B))), Новая посылка: ((A ∨ (A ∨ B)) → ((¬A → ¬A) → (¬A → B)))
2025-12-27 00:05:52,418 - DEBUG - Применена теорема дедукции для посылки: ((¬A → (¬A → C)) → ((¬A → ¬A) → (¬A → C))), Новая посылка: ((A ∨ (A ∨ C)) → ((¬A → ¬A) → (¬A → C)))
2025-12-27 00:05:52,418 - DEBUG - Применена теорема дедукции для посылки: ((B → C) → (¬A → (B → C))), Новая посылка: ((¬B ∨ C) → (¬A → (B → C)))
2025-12-27 00:05:52,419 - DEBUG - Применена теорема дедукции для посылки: ((¬A → (B → ((A → C) → ((B → C) → ((¬A → B) → C))))) → ((¬A → B) → (¬A → ((A → C) → ((B → C) → ((¬A → B) → C)))))), Новая посылка: (¬(¬(¬(¬(¬(¬((¬A → (B → (C → (C → (B → C))))) → ¬(¬A → (B → (C → (¬B → (B → C)))))) → ¬(¬A → (B → (C → (¬B → (A → C)))))) → ¬(¬A → (B → (¬A → (C → (A → C)))))) → ¬(¬A → (B → (¬A → (¬B → (A → C)))))) → ¬(¬A → (B → (C → (C → (A → C)))))) → ¬(¬A → (B → (¬A → (¬B → (B → C)))))) → ((A ∨ (¬B ∨ (A ∨ (¬C ∨ (¬B ∨ C))))) → ((¬A → B) → (¬A → ((A → C) → ((B → C) → ((¬A → B) → C)))))))
2025-12-27 00:05:52,419 - DEBUG - Применена теорема дедукции для посылки: ((C → ((B → C) → ((¬A → B) → C))) → ((C → ((B → C) → ((¬A → B) → C))) → C)), Новая посылка: (¬(¬((C → (C → (A → C))) → ¬(C → (¬B → (A → C)))) → ¬(C → (C → (B → C)))) → ((¬C ∨ (B ∨ (¬B ∨ C))) → ((C → ((B → C) → ((¬A → B) → C))) → C)))
2025-12-27 00:05:52,419 - DEBUG - Применена теорема дедукции для посылки: (((B → C) → ¬A) → (((B → C) → ¬A) → (B → C))), Новая посылка: ((¬B → ¬A) → ((¬C ∨ ¬A) → (((B → C) → ¬A) → (B → C))))
2025-12-27 00:05:52,419 - DEBUG - Применена теорема дедукции для посылки: ((B → ((A → C) → ((B → C) → ((¬A → B) → C)))) → ((B → ((A → C) → ((B → C) → ((¬A → B) → C)))) → B)), Новая посылка: (¬(¬(¬(¬(¬(¬((B → (C → (¬B → (A → C)))) → ¬(B → (¬A → (¬B → (B → C))))) → ¬(B → (¬A → (C → (A → C))))) → ¬(B → (¬A → (¬B → (A → C))))) → ¬(B → (C → (C → (A → C))))) → ¬(B → (C → (¬B → (B → C))))) → ¬(B → (¬A → (C → (B → C))))) → ((¬B ∨ (¬C ∨ (¬C ∨ (¬B ∨ C)))) → ((B → ((A → C) → ((B → C) → ((¬A → B) → C)))) → B)))
2025-12-27 00:05:52,419 - DEBUG - Применена теорема дедукции для посылки: (((B → C) → ((¬A → B) → C)) → (B → ((B → C) → ((¬A → B) → C)))), Новая посылка: (¬(¬((C → (A → C)) → ¬(¬B → (A → C))) → ¬(C → (B → C))) → ((B ∨ (¬B ∨ C)) → (B → ((B → C) → ((¬A → B) → C)))))
2025-12-27 00:05:52,420 - DEBUG - Применена теорема дедукции для посылки: (((A → C) → ((B → C) → ((¬A → B) → C))) → (((¬A → B) → C) → ((A → C) → ((B → C) → ((¬A → B) → C))))), Новая посылка: (¬(¬(¬(¬(¬(¬((¬A → (¬B → (A → C))) → ¬(C → (C → (A → C)))) → ¬(¬A → (C → (A → C)))) → ¬(C → (¬B → (B → C)))) → ¬(C → (¬B → (A → C)))) → ¬(C → (C → (B → C)))) → ¬(¬A → (C → (B → C)))) → ((A ∨ (B ∨ (¬B ∨ C))) → (((¬A → B) → C) → ((A → C) → ((B → C) → ((¬A → B) → C))))))
2025-12-27 00:05:52,420 - DEBUG - Применена теорема дедукции для посылки: ((¬A → (((B → C) → ((¬A → B) → C)) → (A → C))) → ((¬A → ((B → C) → ((¬A → B) → C))) → (¬A → (A → C)))), Новая посылка: ((¬A → (¬(¬(¬A → B) → C) → (A → C))) → ((A ∨ ((¬B ∨ C) ∨ (¬A ∨ C))) → ((¬A → ((B → C) → ((¬A → B) → C))) → (¬A → (A → C)))))
2025-12-27 00:05:52,420 - DEBUG - Применена теорема дедукции для посылки: ((¬A → ((B → C) → ((¬A → B) → C))) → ((¬A → (B → C)) → (¬A → ((¬A → B) → C)))), Новая посылка: (¬(¬((¬A → (¬B → (A → C))) → ¬(¬A → (¬B → (B → C)))) → ¬(¬A → (C → (B → C)))) → ((A ∨ (¬C ∨ (¬A ∨ C))) → ((¬A → (B → C)) → (¬A → ((¬A → B) → C)))))
2025-12-27 00:05:52,420 - DEBUG - Применена теорема дедукции для посылки: (((B → C) → A) → (((B → C) → A) → (B → C))), Новая посылка: ((¬B → A) → ((¬C ∨ A) → (((B → C) → A) → (B → C))))
2025-12-27 00:05:52,420 - DEBUG - Применена теорема дедукции для посылки: ((¬A → (((¬A → B) → C) → ((B → C) → ((¬A → B) → C)))) → ((¬A → ((¬A → B) → C)) → (¬A → ((B → C) → ((¬A → B) → C))))), Новая посылка: (¬(¬(¬(¬(¬(¬((¬A → (¬(¬A → B) → (C → (B → C)))) → ¬(¬A → (C → (C → (A → C))))) → ¬(¬A → (C → (C → (B → C))))) → ¬(¬A → (C → (¬B → (A → C))))) → ¬(¬A → (¬(¬A → B) → (C → (A → C))))) → ¬(¬A → (C → (¬B → (B → C))))) → ¬(¬A → (¬(¬A → B) → (¬B → (A → C))))) → ((A ∨ ((A ∨ B) ∨ (B ∨ (¬B ∨ C)))) → ((¬A → ((¬A → B) → C)) → (¬A → ((B → C) → ((¬A → B) → C))))))
2025-12-27 00:05:52,420 - DEBUG - Применена теорема дедукции для посылки: ((¬A → B) → (((B → C) → ((¬A → B) → C)) → (¬A → B))), Новая посылка: ((A ∨ B) → (((B → C) → ((¬A → B) → C)) → (¬A → B)))
2025-12-27 00:05:52,420 - DEBUG - Применена теорема дедукции для посылки: ((¬A → (((A → C) → ((B → C) → ((¬A → B) → C))) → (A → C))) → ((¬A → ((A → C) → ((B → C) → ((¬A → B) → C)))) → (¬A → (A → C)))), Новая посылка: ((¬A → (¬(A → C) → (A → C))) → ((A ∨ (((¬B ∨ C) ∨ ((A ∨ B) ∨ C)) ∨ (¬A ∨ C))) → ((¬A → ((A → C) → ((B → C) → ((¬A → B) → C)))) → (¬A → (A → C)))))
2025-12-27 00:05:52,420 - DEBUG - Применена теорема дедукции для посылки: ((((B → C) → ((¬A → B) → C)) → ((B → C) → ((¬A → B) → C))) → ((((B → C) → ((¬A → B) → C)) → ((B → C) → ((¬A → B) → C))) → ((B → C) → ((¬A → B) → C)))), Новая посылка: (¬(¬(¬(¬(¬(¬((¬(B → C) → (C → (A → C))) → ¬(¬(¬(¬A → B) → C) → (C → (A → C)))) → ¬(¬(B → C) → (C → (B → C)))) → ¬(¬(B → C) → (¬B → (B → C)))) → ¬(¬(¬(¬A → B) → C) → (¬B → (B → C)))) → ¬(¬(B → C) → (¬B → (A → C)))) → ¬(¬(¬(¬A → B) → C) → (C → (B → C)))) → ((((A ∨ B) ∨ C) ∨ (B ∨ (¬A ∨ C))) → ((((B → C) → ((¬A → B) → C)) → ((B → C) → ((¬A → B) → C))) → ((B → C) → ((¬A → B) → C)))))
2025-12-27 00:05:52,420 - DEBUG - Применена теорема дедукции для посылки: ((A → C) → ((B → C) → (A → C))), Новая посылка: ((¬A ∨ C) → ((B → C) → (A → C)))
2025-12-27 00:05:52,421 - DEBUG - Применена теорема дедукции для посылки: (((A → C) → A) → (((A → C) → A) → (A → C))), Новая посылка: ((¬A → A) → ((¬C ∨ A) → (((A → C) → A) → (A → C))))
2025-12-27 00:05:52,421 - DEBUG - Применена теорема дедукции для посылки: (((A → C) → ((B → C) → ((¬A → B) → C))) → ((A → C) → ((A → C) → ((B → C) → ((¬A → B) → C))))), Новая посылка: (¬(¬(¬(¬(¬(¬((¬A → (¬B → (A → C))) → ¬(C → (C → (A → C)))) → ¬(¬A → (C → (A → C)))) → ¬(C → (¬B → (B → C)))) → ¬(C → (¬B → (A → C)))) → ¬(C → (C → (B → C)))) → ¬(¬A → (C → (B → C)))) → ((A ∨ (B ∨ (¬B ∨ C))) → ((A → C) → ((A → C) → ((B → C) → ((¬A → B) → C))))))
2025-12-27 00:05:52,421 - DEBUG - Применена теорема дедукции для посылки: ((A → C) → ((A → C) → A)), Новая посылка: ((¬A ∨ C) → ((A → C) → A))
2025-12-27 00:05:52,421 - DEBUG - Применена теорема дедукции для посылки: (((B → C) → C) → (((B → C) → C) → (B → C))), Новая посылка: ((C → C) → ((B ∨ C) → (((B → C) → C) → (B → C))))
2025-12-27 00:05:52,421 - DEBUG - Применена теорема дедукции для посылки: ((¬A → (C → C)) → ((¬A → C) → (¬A → C))), Новая посылка: ((A ∨ (¬C ∨ C)) → ((¬A → C) → (¬A → C)))
2025-12-27 00:05:52,421 - DEBUG - Применена теорема дедукции для посылки: ((¬A → (¬A → B)) → ((¬A → (¬A → B)) → ¬A)), Новая посылка: ((A ∨ (A ∨ B)) → ((¬A → (¬A → B)) → ¬A))
2025-12-27 00:05:52,421 - DEBUG - Применена теорема дедукции для посылки: ((¬A → ((A → C) → (A → C))) → ((¬A → (A → C)) → (¬A → (A → C)))), Новая посылка: ((¬A → (C → (A → C))) → ((A ∨ (A ∨ (¬A ∨ C))) → ((¬A → (A → C)) → (¬A → (A → C)))))
2025-12-27 00:05:52,421 - DEBUG - Применена теорема дедукции для посылки: (((¬A → B) → C) → ((A → C) → ((¬A → B) → C))), Новая посылка: ((A → C) → ((¬B ∨ C) → ((A → C) → ((¬A → B) → C))))
2025-12-27 00:05:52,421 - DEBUG - Применена теорема дедукции для посылки: ((¬A → ((B → C) → (A → C))) → ((¬A → (B → C)) → (¬A → (A → C)))), Новая посылка: ((¬A → (¬B → (A → C))) → ((A ∨ (¬C ∨ (¬A ∨ C))) → ((¬A → (B → C)) → (¬A → (A → C)))))
2025-12-27 00:05:52,421 - DEBUG - Применена теорема дедукции для посылки: ((B → ((¬A → B) → C)) → ((B → ((¬A → B) → C)) → B)), Новая посылка: ((B → (B → C)) → ((¬B ∨ (¬A ∨ C)) → ((B → ((¬A → B) → C)) → B)))
2025-12-27 00:05:52,421 - DEBUG - Применена теорема дедукции для посылки: ((¬A → (C → ((A → C) → ((B → C) → ((¬A → B) → C))))) → ((¬A → C) → (¬A → ((A → C) → ((B → C) → ((¬A → B) → C)))))), Новая посылка: (¬(¬(¬(¬(¬(¬((¬A → (C → (C → (¬B → (A → C))))) → ¬(¬A → (C → (C → (C → (A → C)))))) → ¬(¬A → (C → (¬A → (¬B → (B → C)))))) → ¬(¬A → (C → (¬A → (¬B → (A → C)))))) → ¬(¬A → (C → (C → (C → (B → C)))))) → ¬(¬A → (C → (C → (¬B → (B → C)))))) → ¬(¬A → (C → (¬A → (C → (B → C)))))) → ((A ∨ (¬C ∨ (A ∨ (¬C ∨ (¬A ∨ C))))) → ((¬A → C) → (¬A → ((A → C) → ((B → C) → ((¬A → B) → C)))))))
2025-12-27 00:05:52,421 - DEBUG - Применена теорема дедукции для посылки: ((¬A → (A → ¬A)) → ((¬A → A) → (¬A → ¬A))), Новая посылка: ((A ∨ (¬A ∨ ¬A)) → ((¬A → A) → (¬A → ¬A)))
2025-12-27 00:05:52,422 - DEBUG - Применена теорема дедукции для посылки: ((¬A → (((A → C) → ((B → C) → ((¬A → B) → C))) → (B → C))) → ((¬A → ((A → C) → ((B → C) → ((¬A → B) → C)))) → (¬A → (B → C)))), Новая посылка: ((¬A → (¬(A → C) → (B → C))) → ((A ∨ (((¬B ∨ C) ∨ ((A ∨ B) ∨ C)) ∨ (¬B ∨ C))) → ((¬A → ((A → C) → ((B → C) → ((¬A → B) → C)))) → (¬A → (B → C)))))
2025-12-27 00:05:52,422 - DEBUG - Применена теорема дедукции для посылки: ((B → A) → ((B → A) → B)), Новая посылка: ((¬B ∨ A) → ((B → A) → B))
2025-12-27 00:05:52,422 - DEBUG - Применена теорема дедукции для посылки: (((B → C) → ((¬A → B) → C)) → (((B → C) → ((¬A → B) → C)) → (B → C))), Новая посылка: (¬(¬((C → (A → C)) → ¬(¬B → (B → C))) → ¬(C → (B → C))) → ((B ∨ (¬A ∨ C)) → (((B → C) → ((¬A → B) → C)) → (B → C))))
2025-12-27 00:05:52,422 - DEBUG - Применена теорема дедукции для посылки: ((A → C) → ((¬A → B) → (A → C))), Новая посылка: ((¬A ∨ C) → ((¬A → B) → (A → C)))
2025-12-27 00:05:52,422 - DEBUG - Применена теорема дедукции для посылки: ((¬A → ((¬A → B) → (B → C))) → ((¬A → (¬A → B)) → (¬A → (B → C)))), Новая посылка: ((¬A → (B → (B → C))) → ((A ∨ (¬A ∨ (¬B ∨ C))) → ((¬A → (¬A → B)) → (¬A → (B → C)))))
2025-12-27 00:05:52,422 - DEBUG - Применена теорема дедукции для посылки: ((¬A → (((¬A → B) → C) → ((¬A → B) → C))) → ((¬A → ((¬A → B) → C)) → (¬A → ((¬A → B) → C)))), Новая посылка: (¬(¬((¬A → (C → (B → C))) → ¬(¬A → (C → (A → C)))) → ¬(¬A → (¬(¬A → B) → (A → C)))) → ((A ∨ ((A ∨ B) ∨ (¬B ∨ C))) → ((¬A → ((¬A → B) → C)) → (¬A → ((¬A → B) → C)))))
2025-12-27 00:05:52,422 - DEBUG - Применена теорема дедукции для посылки: (((B → C) → ((¬A → B) → C)) → (C → ((B → C) → ((¬A → B) → C)))), Новая посылка: (¬(¬((C → (A → C)) → ¬(¬B → (B → C))) → ¬(C → (B → C))) → ((B ∨ (¬A ∨ C)) → (C → ((B → C) → ((¬A → B) → C)))))
2025-12-27 00:05:52,422 - DEBUG - Применена теорема дедукции для посылки: ((¬A → ((A → C) → ¬A)) → ((¬A → (A → C)) → (¬A → ¬A))), Новая посылка: ((¬A → (¬A → ¬A)) → ((A ∨ (¬C ∨ ¬A)) → ((¬A → (A → C)) → (¬A → ¬A))))
2025-12-27 00:05:52,422 - DEBUG - Применена теорема дедукции для посылки: ((B → B) → ((B → B) → B)), Новая посылка: ((¬B ∨ B) → ((B → B) → B))
2025-12-27 00:05:52,422 - DEBUG - Применена теорема дедукции для посылки: (((¬A → B) → (A → C)) → (((¬A → B) → (A → C)) → (¬A → B))), Новая посылка: ((B → (A → C)) → ((¬A ∨ (¬A ∨ C)) → (((¬A → B) → (A → C)) → (¬A → B))))
2025-12-27 00:05:52,422 - DEBUG - Применена теорема дедукции для посылки: (((B → C) → ((¬A → B) → C)) → ((B → C) → ((B → C) → ((¬A → B) → C)))), Новая посылка: (¬(¬((C → (A → C)) → ¬(¬B → (A → C))) → ¬(C → (B → C))) → ((B ∨ (¬B ∨ C)) → ((B → C) → ((B → C) → ((¬A → B) → C)))))
2025-12-27 00:05:52,423 - DEBUG - Применена теорема дедукции для посылки: ((C → ((A → C) → ((B → C) → ((¬A → B) → C)))) → ((C → ((A → C) → ((B → C) → ((¬A → B) → C)))) → C)), Новая посылка: (¬(¬(¬(¬(¬(¬((C → (¬A → (C → (A → C)))) → ¬(C → (¬A → (¬B → (B → C))))) → ¬(C → (C → (¬B → (B → C))))) → ¬(C → (C → (¬B → (A → C))))) → ¬(C → (¬A → (¬B → (A → C))))) → ¬(C → (¬A → (C → (B → C))))) → ¬(C → (C → (C → (B → C))))) → ((¬C ∨ (¬C ∨ (¬C ∨ (¬A ∨ C)))) → ((C → ((A → C) → ((B → C) → ((¬A → B) → C)))) → C)))
2025-12-27 00:05:52,423 - DEBUG - Применена теорема дедукции для посылки: ((((¬A → B) → C) → ((B → C) → ((¬A → B) → C))) → ((((¬A → B) → C) → ((B → C) → ((¬A → B) → C))) → ((¬A → B) → C))), Новая посылка: (¬(¬(¬(¬(¬(¬((¬(¬A → B) → (C → (A → C))) → ¬(C → (C → (A → C)))) → ¬(C → (¬B → (B → C)))) → ¬(¬(¬A → B) → (¬B → (B → C)))) → ¬(C → (¬B → (A → C)))) → ¬(C → (C → (B → C)))) → ¬(¬(¬A → B) → (¬B → (A → C)))) → (((A ∨ B) ∨ (¬C ∨ (¬B ∨ C))) → ((((¬A → B) → C) → ((B → C) → ((¬A → B) → C))) → ((¬A → B) → C))))
2025-12-27 00:05:52,423 - DEBUG - Применена теорема дедукции для посылки: ((A → C) → (A → (A → C))), Новая посылка: ((¬A ∨ C) → (A → (A → C)))
2025-12-27 00:05:52,423 - DEBUG - Применена теорема дедукции для посылки: ((¬A → ((¬A → B) → (¬A → B))) → ((¬A → (¬A → B)) → (¬A → (¬A → B)))), Новая посылка: ((¬A → (B → (¬A → B))) → ((A ∨ (¬A ∨ (A ∨ B))) → ((¬A → (¬A → B)) → (¬A → (¬A → B)))))
2025-12-27 00:05:52,423 - DEBUG - Применена теорема дедукции для посылки: ((B → C) → ((B → C) → B)), Новая посылка: ((¬B ∨ C) → ((B → C) → B))
2025-12-27 00:05:52,423 - DEBUG - Применена теорема дедукции для посылки: ((¬A → (B → A)) → ((¬A → B) → (¬A → A))), Новая посылка: ((A ∨ (¬B ∨ A)) → ((¬A → B) → (¬A → A)))
2025-12-27 00:05:52,423 - DEBUG - Применена теорема дедукции для посылки: ((((A → C) → ((B → C) → ((¬A → B) → C))) → (¬A → B)) → ((((A → C) → ((B → C) → ((¬A → B) → C))) → (¬A → B)) → ((A → C) → ((B → C) → ((¬A → B) → C))))), Новая посылка: ((¬(A → C) → (¬A → B)) → ((((¬B ∨ C) ∨ ((A ∨ B) ∨ C)) ∨ (A ∨ B)) → ((((A → C) → ((B → C) → ((¬A → B) → C))) → (¬A → B)) → ((A → C) → ((B → C) → ((¬A → B) → C))))))
2025-12-27 00:05:52,423 - DEBUG - Применена теорема дедукции для посылки: ((¬A → (¬A → ((¬A → B) → C))) → ((¬A → ¬A) → (¬A → ((¬A → B) → C)))), Новая посылка: ((¬A → (¬A → (B → C))) → ((A ∨ (A ∨ (¬A ∨ C))) → ((¬A → ¬A) → (¬A → ((¬A → B) → C)))))
2025-12-27 00:05:52,423 - DEBUG - Применена теорема дедукции для посылки: ((B → C) → (B → (B → C))), Новая посылка: ((¬B ∨ C) → (B → (B → C)))
2025-12-27 00:05:52,423 - DEBUG - Применена теорема дедукции для посылки: ((¬A → (C → (B → C))) → ((¬A → C) → (¬A → (B → C)))), Новая посылка: ((A ∨ (¬C ∨ (¬B ∨ C))) → ((¬A → C) → (¬A → (B → C))))
2025-12-27 00:05:52,423 - DEBUG - Применена теорема дедукции для посылки: ((((¬A → B) → C) → (¬A → B)) → ((((¬A → B) → C) → (¬A → B)) → ((¬A → B) → C))), Новая посылка: ((¬(¬A → B) → (¬A → B)) → ((¬C ∨ (A ∨ B)) → ((((¬A → B) → C) → (¬A → B)) → ((¬A → B) → C))))
2025-12-27 00:05:52,423 - DEBUG - Применена теорема дедукции для посылки: ((((¬A → B) → C) → (A → C)) → ((((¬A → B) → C) → (A → C)) → ((¬A → B) → C))), Новая посылка: ((C → (A → C)) → (((A ∨ B) ∨ (¬A ∨ C)) → ((((¬A → B) → C) → (A → C)) → ((¬A → B) → C))))
2025-12-27 00:05:52,424 - DEBUG - Применена теорема дедукции для посылки: ((((B → C) → ((¬A → B) → C)) → (B → C)) → ((((B → C) → ((¬A → B) → C)) → (B → C)) → ((B → C) → ((¬A → B) → C)))), Новая посылка: ((¬(B → C) → (B → C)) → ((((A ∨ B) ∨ C) ∨ (¬B ∨ C)) → ((((B → C) → ((¬A → B) → C)) → (B → C)) → ((B → C) → ((¬A → B) → C)))))
2025-12-27 00:05:52,424 - DEBUG - Применена теорема дедукции для посылки: ((¬A → ((A → C) → ((¬A → B) → C))) → ((¬A → (A → C)) → (¬A → ((¬A → B) → C)))), Новая посылка: (¬(¬((¬A → (¬A → (B → C))) → ¬(¬A → (C → (A → C)))) → ¬(¬A → (¬A → (A → C)))) → ((A ∨ (¬C ∨ (¬B ∨ C))) → ((¬A → (A → C)) → (¬A → ((¬A → B) → C)))))
2025-12-27 00:05:52,424 - DEBUG - Применена теорема дедукции для посылки: ((¬A → (B → B)) → ((¬A → B) → (¬A → B))), Новая посылка: ((A ∨ (¬B ∨ B)) → ((¬A → B) → (¬A → B)))
2025-12-27 00:05:52,424 - DEBUG - Применена теорема дедукции для посылки: ((¬A → (B → C)) → ((¬A → (B → C)) → ¬A)), Новая посылка: ((A ∨ (¬B ∨ C)) → ((¬A → (B → C)) → ¬A))
2025-12-27 00:05:52,424 - DEBUG - Применена теорема дедукции для посылки: (((B → C) → (B → C)) → (((B → C) → (B → C)) → (B → C))), Новая посылка: ((¬B → (B → C)) → ((¬C ∨ (¬B ∨ C)) → (((B → C) → (B → C)) → (B → C))))
2025-12-27 00:05:52,424 - DEBUG - Применена теорема дедукции для посылки: ((A → B) → ((A → B) → A)), Новая посылка: ((¬A ∨ B) → ((A → B) → A))
2025-12-27 00:05:52,424 - DEBUG - Применена теорема дедукции для посылки: ((¬A → ((B → C) → ((¬A → B) → C))) → ((¬A → ((B → C) → ((¬A → B) → C))) → ¬A)), Новая посылка: (¬(¬((¬A → (¬B → (A → C))) → ¬(¬A → (¬B → (B → C)))) → ¬(¬A → (C → (A → C)))) → ((A ∨ (¬C ∨ (¬B ∨ C))) → ((¬A → ((B → C) → ((¬A → B) → C))) → ¬A)))
2025-12-27 00:05:52,424 - DEBUG - Применена теорема дедукции для посылки: ((A → C) → (((A → C) → ((B → C) → ((¬A → B) → C))) → (A → C))), Новая посылка: ((¬A ∨ C) → (((A → C) → ((B → C) → ((¬A → B) → C))) → (A → C)))
2025-12-27 00:05:52,424 - DEBUG - Применена теорема дедукции для посылки: (((B → C) → ((A → C) → ((B → C) → ((¬A → B) → C)))) → (((B → C) → ((A → C) → ((B → C) → ((¬A → B) → C)))) → (B → C))), Новая посылка: (¬(¬(¬(¬(¬(¬(¬(¬(¬(¬(¬(¬(¬(¬((C → (¬A → (C → (A → C)))) → ¬(¬B → (¬A → (¬B → (B → C))))) → ¬(¬B → (C → (C → (B → C))))) → ¬(¬B → (¬A → (C → (A → C))))) → ¬(¬B → (C → (¬B → (A → C))))) → ¬(C → (¬A → (¬B → (B → C))))) → ¬(C → (C → (C → (A → C))))) → ¬(C → (C → (¬B → (B → C))))) → ¬(¬B → (¬A → (C → (B → C))))) → ¬(¬B → (¬A → (¬B → (A → C))))) → ¬(¬B → (C → (¬B → (B → C))))) → ¬(¬B → (C → (C → (A → C))))) → ¬(C → (C → (¬B → (A → C))))) → ¬(C → (¬A → (¬B → (A → C))))) → ¬(C → (C → (C → (B → C))))) → ((¬C ∨ (A ∨ (¬C ∨ (¬B ∨ C)))) → (((B → C) → ((A → C) → ((B → C) → ((¬A → B) → C)))) → (B → C))))
2025-12-27 00:05:52,425 - DEBUG - Применена теорема дедукции для посылки: ((¬A → A) → ((¬A → A) → ¬A)), Новая посылка: ((A ∨ A) → ((¬A → A) → ¬A))
2025-12-27 00:05:52,425 - DEBUG - Применена теорема дедукции для посылки: ((¬A → B) → (B → (¬A → B))), Новая посылка: ((A ∨ B) → (B → (¬A → B)))
2025-12-27 00:05:52,425 - DEBUG - Применена теорема дедукции для посылки: ((¬A → ¬A) → ((¬A → ¬A) → ¬A)), Новая посылка: ((A ∨ ¬A) → ((¬A → ¬A) → ¬A))
2025-12-27 00:05:52,425 - DEBUG - Применена теорема дедукции для посылки: ((((¬A → B) → C) → (B → C)) → ((((¬A → B) → C) → (B → C)) → ((¬A → B) → C))), Новая посылка: ((C → (B → C)) → (((A ∨ B) ∨ (¬B ∨ C)) → ((((¬A → B) → C) → (B → C)) → ((¬A → B) → C))))
2025-12-27 00:05:52,425 - DEBUG - Применена теорема дедукции для посылки: ((¬A → ((A → C) → (B → C))) → ((¬A → (A → C)) → (¬A → (B → C)))), Новая посылка: ((¬A → (C → (B → C))) → ((A ∨ (A ∨ (¬B ∨ C))) → ((¬A → (A → C)) → (¬A → (B → C)))))
2025-12-27 00:05:52,425 - DEBUG - Применена теорема дедукции для посылки: ((¬A → (A → ((¬A → B) → C))) → ((¬A → A) → (¬A → ((¬A → B) → C)))), Новая посылка: ((¬A → (A → (B → C))) → ((A ∨ (¬A ∨ (¬A ∨ C))) → ((¬A → A) → (¬A → ((¬A → B) → C)))))
2025-12-27 00:05:52,425 - DEBUG - Применена теорема дедукции для посылки: ((B → (¬A → B)) → ((B → (¬A → B)) → B)), Новая посылка: ((¬B ∨ (A ∨ B)) → ((B → (¬A → B)) → B))
2025-12-27 00:05:52,425 - DEBUG - Применена теорема дедукции для посылки: ((¬A → (A → A)) → ((¬A → A) → (¬A → A))), Новая посылка: ((A ∨ (¬A ∨ A)) → ((¬A → A) → (¬A → A)))
2025-12-27 00:05:52,425 - DEBUG - Применена теорема дедукции для посылки: (((B → C) → ((¬A → B) → C)) → ((¬A → B) → ((B → C) → ((¬A → B) → C)))), Новая посылка: (¬(¬((C → (A → C)) → ¬(¬B → (B → C))) → ¬(C → (B → C))) → ((B ∨ (¬A ∨ C)) → ((¬A → B) → ((B → C) → ((¬A → B) → C)))))
2025-12-27 00:05:52,425 - DEBUG - Применена теорема дедукции для посылки: ((((A → C) → ((B → C) → ((¬A → B) → C))) → ((B → C) → ((¬A → B) → C))) → ((((A → C) → ((B → C) → ((¬A → B) → C))) → ((B → C) → ((¬A → B) → C))) → ((A → C) → ((B → C) → ((¬A → B) → C))))), Новая посылка: (¬(¬(¬(¬(¬(¬((¬(¬(B → C) → (¬(¬A → B) → C)) → (C → (A → C))) → ¬(¬(¬(B → C) → (¬(¬A → B) → C)) → (C → (B → C)))) → ¬(¬(¬(B → C) → (¬(¬A → B) → C)) → (¬B → (A → C)))) → ¬(¬(A → C) → (C → (B → C)))) → ¬(¬(A → C) → (¬B → (B → C)))) → ¬(¬(A → C) → (¬B → (A → C)))) → ¬(¬(¬(B → C) → (¬(¬A → B) → C)) → (¬B → (B → C)))) → (((¬A ∨ C) ∨ (¬C ∨ (¬A ∨ C))) → ((((A → C) → ((B → C) → ((¬A → B) → C))) → ((B → C) → ((¬A → B) → C))) → ((A → C) → ((B → C) → ((¬A → B) → C))))))
2025-12-27 00:05:52,425 - DEBUG - Применена теорема дедукции для посылки: (((¬A → B) → C) → (C → ((¬A → B) → C))), Новая посылка: ((A → C) → ((¬B ∨ C) → (C → ((¬A → B) → C))))
2025-12-27 00:05:52,425 - DEBUG - Применена теорема дедукции для посылки: ((¬A → (¬A → ((B → C) → ((¬A → B) → C)))) → ((¬A → ¬A) → (¬A → ((B → C) → ((¬A → B) → C))))), Новая посылка: (¬(¬((¬A → (¬A → (¬B → (B → C)))) → ¬(¬A → (¬A → (¬B → (A → C))))) → ¬(¬A → (¬A → (C → (B → C))))) → ((A ∨ (A ∨ (¬C ∨ (¬A ∨ C)))) → ((¬A → ¬A) → (¬A → ((B → C) → ((¬A → B) → C))))))
2025-12-27 00:05:52,425 - DEBUG - Применена теорема дедукции для посылки: (((B → C) → (A → C)) → (((B → C) → (A → C)) → (B → C))), Новая посылка: ((C → (A → C)) → ((B ∨ (¬A ∨ C)) → (((B → C) → (A → C)) → (B → C))))
2025-12-27 00:05:52,426 - DEBUG - Применена теорема дедукции для посылки: ((((A → C) → ((B → C) → ((¬A → B) → C))) → ((¬A → B) → C)) → ((((A → C) → ((B → C) → ((¬A → B) → C))) → ((¬A → B) → C)) → ((A → C) → ((B → C) → ((¬A → B) → C))))), Новая посылка: (¬(¬((¬(A → C) → (B → C)) → ¬(¬(A → C) → (A → C))) → ¬(¬(¬(B → C) → (¬(¬A → B) → C)) → (B → C))) → ((((¬B ∨ C) ∨ ((A ∨ B) ∨ C)) ∨ (¬A ∨ C)) → ((((A → C) → ((B → C) → ((¬A → B) → C))) → ((¬A → B) → C)) → ((A → C) → ((B → C) → ((¬A → B) → C))))))
2025-12-27 00:05:52,426 - DEBUG - Применена теорема дедукции для посылки: ((¬A → (((B → C) → ((¬A → B) → C)) → C)) → ((¬A → ((B → C) → ((¬A → B) → C))) → (¬A → C))), Новая посылка: ((¬A → (¬(¬(¬A → B) → C) → C)) → ((A ∨ ((¬B ∨ C) ∨ C)) → ((¬A → ((B → C) → ((¬A → B) → C))) → (¬A → C))))
2025-12-27 00:05:52,426 - DEBUG - Применена теорема дедукции для посылки: ((¬A → B) → ((¬A → B) → (¬A → B))), Новая посылка: ((A ∨ B) → ((¬A → B) → (¬A → B)))
2025-12-27 00:05:52,426 - DEBUG - Применена теорема дедукции для посылки: ((¬A → ((¬A → B) → ((A → C) → ((B → C) → ((¬A → B) → C))))) → ((¬A → (¬A → B)) → (¬A → ((A → C) → ((B → C) → ((¬A → B) → C)))))), Новая посылка: (¬(¬(¬(¬(¬(¬(¬(¬(¬(¬(¬(¬(¬(¬((¬A → (A → (¬A → (C → (B → C))))) → ¬(¬A → (B → (C → (C → (B → C)))))) → ¬(¬A → (B → (C → (¬B → (B → C)))))) → ¬(¬A → (A → (C → (¬B → (B → C)))))) → ¬(¬A → (A → (C → (C → (B → C)))))) → ¬(¬A → (A → (¬A → (C → (A → C)))))) → ¬(¬A → (B → (C → (¬B → (A → C)))))) → ¬(¬A → (B → (¬A → (C → (B → C)))))) → ¬(¬A → (A → (¬A → (¬B → (B → C)))))) → ¬(¬A → (A → (C → (C → (A → C)))))) → ¬(¬A → (B → (¬A → (C → (A → C)))))) → ¬(¬A → (B → (¬A → (¬B → (A → C)))))) → ¬(¬A → (B → (C → (C → (A → C)))))) → ¬(¬A → (A → (C → (¬B → (A → C)))))) → ¬(¬A → (B → (¬A → (¬B → (B → C)))))) → ((A ∨ (¬A ∨ (A ∨ (B ∨ (¬A ∨ C))))) → ((¬A → (¬A → B)) → (¬A → ((A → C) → ((B → C) → ((¬A → B) → C)))))))
2025-12-27 00:05:52,426 - DEBUG - Применена теорема дедукции для посылки: ((¬A → ((A → C) → (¬A → B))) → ((¬A → (A → C)) → (¬A → (¬A → B)))), Новая посылка: ((¬A → (¬A → (¬A → B))) → ((A ∨ (¬C ∨ (A ∨ B))) → ((¬A → (A → C)) → (¬A → (¬A → B)))))
2025-12-27 00:05:52,426 - DEBUG - Применена теорема дедукции для посылки: ((((¬A → B) → C) → C) → ((((¬A → B) → C) → C) → ((¬A → B) → C))), Новая посылка: ((C → C) → (((A ∨ B) ∨ C) → ((((¬A → B) → C) → C) → ((¬A → B) → C))))
2025-12-27 00:05:52,426 - DEBUG - Применена теорема дедукции для посылки: ((A → C) → ((A → C) → (A → C))), Новая посылка: ((¬A ∨ C) → ((A → C) → (A → C)))
2025-12-27 00:05:52,426 - DEBUG - Применена теорема дедукции для посылки: ((¬A → (¬A → ¬A)) → ((¬A → ¬A) → (¬A → ¬A))), Новая посылка: ((A ∨ (A ∨ ¬A)) → ((¬A → ¬A) → (¬A → ¬A)))
2025-12-27 00:05:52,427 - DEBUG - Применена теорема дедукции для посылки: ((¬A → (A → ((B → C) → ((¬A → B) → C)))) → ((¬A → A) → (¬A → ((B → C) → ((¬A → B) → C))))), Новая посылка: (¬(¬((¬A → (A → (¬B → (A → C)))) → ¬(¬A → (A → (¬B → (B → C))))) → ¬(¬A → (A → (C → (A → C))))) → ((A ∨ (¬A ∨ (¬C ∨ (¬B ∨ C)))) → ((¬A → A) → (¬A → ((B → C) → ((¬A → B) → C))))))
2025-12-27 00:05:52,427 - DEBUG - Применена теорема дедукции для посылки: ((¬A → ((¬A → B) → ((¬A → B) → C))) → ((¬A → (¬A → B)) → (¬A → ((¬A → B) → C)))), Новая посылка: (¬(¬((¬A → (B → (A → C))) → ¬(¬A → (A → (B → C)))) → ¬(¬A → (A → (A → C)))) → ((A ∨ (¬B ∨ (¬B ∨ C))) → ((¬A → (¬A → B)) → (¬A → ((¬A → B) → C)))))
2025-12-27 00:05:52,427 - DEBUG - Применена теорема дедукции для посылки: (((A → C) → ((A → C) → ((B → C) → ((¬A → B) → C)))) → (((A → C) → ((A → C) → ((B → C) → ((¬A → B) → C)))) → (A → C))), Новая посылка: (¬(¬(¬(¬(¬(¬(¬(¬(¬(¬(¬(¬(¬(¬((C → (¬A → (C → (A → C)))) → ¬(C → (¬A → (¬B → (A → C))))) → ¬(C → (¬A → (¬B → (B → C))))) → ¬(C → (¬A → (C → (B → C))))) → ¬(C → (C → (C → (A → C))))) → ¬(¬A → (¬A → (C → (A → C))))) → ¬(¬A → (C → (C → (A → C))))) → ¬(C → (C → (¬B → (B → C))))) → ¬(¬A → (¬A → (C → (B → C))))) → ¬(¬A → (C → (¬B → (A → C))))) → ¬(¬A → (C → (C → (B → C))))) → ¬(C → (C → (¬B → (A → C))))) → ¬(¬A → (¬A → (¬B → (B → C))))) → ¬(¬A → (C → (¬B → (B → C))))) → ¬(C → (C → (C → (B → C))))) → ((A ∨ (A ∨ (B ∨ (¬A ∨ C)))) → (((A → C) → ((A → C) → ((B → C) → ((¬A → B) → C)))) → (A → C))))
2025-12-27 00:05:52,427 - DEBUG - Применена теорема дедукции для посылки: (((¬A → B) → C) → (((¬A → B) → C) → ((¬A → B) → C))), Новая посылка: ((B → C) → ((¬A ∨ C) → (((¬A → B) → C) → ((¬A → B) → C))))
2025-12-27 00:05:52,427 - DEBUG - Применена теорема дедукции для посылки: (((¬A → B) → C) → (((B → C) → ((¬A → B) → C)) → ((¬A → B) → C))), Новая посылка: ((A → C) → ((¬B ∨ C) → (((B → C) → ((¬A → B) → C)) → ((¬A → B) → C))))
2025-12-27 00:05:52,427 - DEBUG - Применена теорема дедукции для посылки: ((¬A → ((¬A → B) → (A → C))) → ((¬A → (¬A → B)) → (¬A → (A → C)))), Новая посылка: ((¬A → (B → (A → C))) → ((A ∨ (¬A ∨ (¬A ∨ C))) → ((¬A → (¬A → B)) → (¬A → (A → C)))))
2025-12-27 00:05:52,427 - DEBUG - Применена теорема дедукции для посылки: ((B → C) → ((¬A → B) → (B → C))), Новая посылка: ((¬B ∨ C) → ((¬A → B) → (B → C)))
2025-12-27 00:05:52,427 - DEBUG - Применена теорема дедукции для посылки: ((¬A → ((A → C) → ((B → C) → ((¬A → B) → C)))) → ((¬A → ((A → C) → ((B → C) → ((¬A → B) → C)))) → ¬A)), Новая посылка: (¬(¬(¬(¬(¬(¬((¬A → (¬A → (¬B → (A → C)))) → ¬(¬A → (¬A → (C → (A → C))))) → ¬(¬A → (C → (C → (A → C))))) → ¬(¬A → (¬A → (C → (B → C))))) → ¬(¬A → (C → (¬B → (A → C))))) → ¬(¬A → (¬A → (¬B → (B → C))))) → ¬(¬A → (C → (¬B → (B → C))))) → ((A ∨ (¬C ∨ (¬C ∨ (¬B ∨ C)))) → ((¬A → ((A → C) → ((B → C) → ((¬A → B) → C)))) → ¬A)))
2025-12-27 00:05:52,428 - DEBUG - Применена теорема дедукции для посылки: (((¬A → B) → ((¬A → B) → C)) → (((¬A → B) → ((¬A → B) → C)) → (¬A → B))), Новая посылка: (¬(¬((A → (B → C)) → ¬(B → (A → C))) → ¬(B → (B → C))) → ((¬A ∨ (¬A ∨ C)) → (((¬A → B) → ((¬A → B) → C)) → (¬A → B))))
2025-12-27 00:05:52,428 - DEBUG - Применена теорема дедукции для посылки: ((¬A → (A → (¬A → B))) → ((¬A → A) → (¬A → (¬A → B)))), Новая посылка: ((A ∨ (¬A ∨ (A ∨ B))) → ((¬A → A) → (¬A → (¬A → B))))
2025-12-27 00:05:52,428 - DEBUG - Применена теорема дедукции для посылки: (((¬A → B) → C) → (A → ((¬A → B) → C))), Новая посылка: ((A → C) → ((¬B ∨ C) → (A → ((¬A → B) → C))))
2025-12-27 00:05:52,428 - DEBUG - Применена теорема дедукции для посылки: ((¬A → (((A → C) → ((B → C) → ((¬A → B) → C))) → ((A → C) → ((B → C) → ((¬A → B) → C))))) → ((¬A → ((A → C) → ((B → C) → ((¬A → B) → C)))) → (¬A → ((A → C) → ((B → C) → ((¬A → B) → C)))))), Новая посылка: (¬(¬(¬(¬(¬(¬(¬(¬(¬(¬(¬(¬(¬(¬((¬A → (¬(¬(B → C) → (¬(¬A → B) → C)) → (¬A → (C → (B → C))))) → ¬(¬A → (¬(¬(B → C) → (¬(¬A → B) → C)) → (¬A → (C → (A → C)))))) → ¬(¬A → (¬(A → C) → (C → (¬B → (A → C)))))) → ¬(¬A → (¬(¬(B → C) → (¬(¬A → B) → C)) → (C → (¬B → (A → C)))))) → ¬(¬A → (¬(A → C) → (C → (¬B → (B → C)))))) → ¬(¬A → (¬(¬(B → C) → (¬(¬A → B) → C)) → (C → (C → (B → C)))))) → ¬(¬A → (¬(A → C) → (¬A → (¬B → (B → C)))))) → ¬(¬A → (¬(¬(B → C) → (¬(¬A → B) → C)) → (¬A → (¬B → (A → C)))))) → ¬(¬A → (¬(¬(B → C) → (¬(¬A → B) → C)) → (C → (C → (A → C)))))) → ¬(¬A → (¬(A → C) → (C → (C → (A → C)))))) → ¬(¬A → (¬(A → C) → (¬A → (C → (B → C)))))) → ¬(¬A → (¬(¬(B → C) → (¬(¬A → B) → C)) → (¬A → (¬B → (B → C)))))) → ¬(¬A → (¬(A → C) → (¬A → (C → (A → C)))))) → ¬(¬A → (¬(¬(B → C) → (¬(¬A → B) → C)) → (C → (¬B → (B → C)))))) → ¬(¬A → (¬(A → C) → (¬A → (¬B → (A → C)))))) → ((A ∨ ((¬A ∨ C) ∨ (¬C ∨ (¬C ∨ (¬B ∨ C))))) → ((¬A → ((A → C) → ((B → C) → ((¬A → B) → C)))) → (¬A → ((A → C) → ((B → C) → ((¬A → B) → C)))))))
2025-12-27 00:05:52,428 - DEBUG - Применена теорема дедукции для посылки: ((((B → C) → ((¬A → B) → C)) → ((¬A → B) → C)) → ((((B → C) → ((¬A → B) → C)) → ((¬A → B) → C)) → ((B → C) → ((¬A → B) → C)))), Новая посылка: (¬(¬((¬(¬(¬A → B) → C) → (B → C)) → ¬(¬(¬(¬A → B) → C) → (A → C))) → ¬(¬(B → C) → (A → C))) → (((¬B ∨ C) ∨ (¬B ∨ C)) → ((((B → C) → ((¬A → B) → C)) → ((¬A → B) → C)) → ((B → C) → ((¬A → B) → C)))))
2025-12-27 00:05:52,429 - DEBUG - Применена теорема дедукции для посылки: (((¬A → B) → ((A → C) → ((B → C) → ((¬A → B) → C)))) → (((¬A → B) → ((A → C) → ((B → C) → ((¬A → B) → C)))) → (¬A → B))), Новая посылка: (¬(¬(¬(¬(¬(¬(¬(¬(¬(¬(¬(¬(¬(¬((A → (C → (¬B → (A → C)))) → ¬(B → (C → (C → (A → C))))) → ¬(B → (¬A → (¬B → (B → C))))) → ¬(A → (¬A → (C → (A → C))))) → ¬(B → (C → (¬B → (B → C))))) → ¬(A → (C → (C → (B → C))))) → ¬(A → (¬A → (C → (B → C))))) → ¬(A → (¬A → (¬B → (B → C))))) → ¬(A → (C → (¬B → (B → C))))) → ¬(B → (C → (¬B → (A → C))))) → ¬(B → (¬A → (¬B → (A → C))))) → ¬(A → (C → (C → (A → C))))) → ¬(A → (¬A → (¬B → (A → C))))) → ¬(B → (C → (C → (B → C))))) → ¬(B → (¬A → (C → (B → C))))) → ((¬B ∨ (A ∨ (¬C ∨ (¬A ∨ C)))) → (((¬A → B) → ((A → C) → ((B → C) → ((¬A → B) → C)))) → (¬A → B))))
2025-12-27 00:05:52,429 - DEBUG - Применена теорема дедукции для посылки: (((A → C) → ((¬A → B) → C)) → (((A → C) → ((¬A → B) → C)) → (A → C))), Новая посылка: (¬(¬((¬A → (A → C)) → ¬(C → (B → C))) → ¬(¬A → (B → C))) → ((¬C ∨ (¬A ∨ C)) → (((A → C) → ((¬A → B) → C)) → (A → C))))
2025-12-27 00:05:52,429 - DEBUG - Применена теорема дедукции для посылки: (((B → C) → ((¬A → B) → C)) → (A → ((B → C) → ((¬A → B) → C)))), Новая посылка: (¬(¬((¬B → (B → C)) → ¬(¬B → (A → C))) → ¬(C → (B → C))) → ((¬C ∨ (¬A ∨ C)) → (A → ((B → C) → ((¬A → B) → C)))))
2025-12-27 00:05:52,429 - DEBUG - Применена теорема дедукции для посылки: ((((A → C) → ((B → C) → ((¬A → B) → C))) → (B → C)) → ((((A → C) → ((B → C) → ((¬A → B) → C))) → (B → C)) → ((A → C) → ((B → C) → ((¬A → B) → C))))), Новая посылка: ((¬(A → C) → (B → C)) → ((((¬B ∨ C) ∨ ((A ∨ B) ∨ C)) ∨ (¬B ∨ C)) → ((((A → C) → ((B → C) → ((¬A → B) → C))) → (B → C)) → ((A → C) → ((B → C) → ((¬A → B) → C))))))
2025-12-27 00:05:52,429 - DEBUG - Применена теорема дедукции для посылки: ((¬A → (B → (¬A → B))) → ((¬A → B) → (¬A → (¬A → B)))), Новая посылка: ((A ∨ (¬B ∨ (A ∨ B))) → ((¬A → B) → (¬A → (¬A → B))))
2025-12-27 00:05:52,429 - DEBUG - Применена теорема дедукции для посылки: ((¬A → (((A → C) → ((B → C) → ((¬A → B) → C))) → C)) → ((¬A → ((A → C) → ((B → C) → ((¬A → B) → C)))) → (¬A → C))), Новая посылка: ((¬A → (¬(¬(B → C) → (¬(¬A → B) → C)) → C)) → ((A ∨ ((¬A ∨ C) ∨ C)) → ((¬A → ((A → C) → ((B → C) → ((¬A → B) → C)))) → (¬A → C))))
2025-12-27 00:05:52,429 - DEBUG - Применена теорема дедукции для посылки: ((¬A → (A → C)) → ((¬A → A) → (¬A → C))), Новая посылка: ((A ∨ (¬A ∨ C)) → ((¬A → A) → (¬A → C)))
2025-12-27 00:05:52,429 - DEBUG - Применена теорема дедукции для посылки: ((((B → C) → ((¬A → B) → C)) → C) → ((((B → C) → ((¬A → B) → C)) → C) → ((B → C) → ((¬A → B) → C)))), Новая посылка: ((¬(¬(¬A → B) → C) → C) → (((¬B ∨ C) ∨ C) → ((((B → C) → ((¬A → B) → C)) → C) → ((B → C) → ((¬A → B) → C)))))
2025-12-27 00:05:52,429 - DEBUG - Применена теорема дедукции для посылки: ((¬A → (((A → C) → ((B → C) → ((¬A → B) → C))) → (¬A → B))) → ((¬A → ((A → C) → ((B → C) → ((¬A → B) → C)))) → (¬A → (¬A → B)))), Новая посылка: ((¬A → (¬(¬(B → C) → (¬(¬A → B) → C)) → (¬A → B))) → ((A ∨ ((¬A ∨ C) ∨ (A ∨ B))) → ((¬A → ((A → C) → ((B → C) → ((¬A → B) → C)))) → (¬A → (¬A → B)))))
2025-12-27 00:05:52,430 - DEBUG - Применена теорема дедукции для посылки: ((¬A → (((¬A → B) → C) → C)) → ((¬A → ((¬A → B) → C)) → (¬A → C))), Новая посылка: ((¬A → (C → C)) → ((A ∨ ((A ∨ B) ∨ C)) → ((¬A → ((¬A → B) → C)) → (¬A → C))))
2025-12-27 00:05:52,430 - DEBUG - Применена теорема дедукции для посылки: ((¬A → ((B → C) → C)) → ((¬A → (B → C)) → (¬A → C))), Новая посылка: ((¬A → (¬B → C)) → ((A ∨ (¬C ∨ C)) → ((¬A → (B → C)) → (¬A → C))))
2025-12-27 00:05:52,430 - DEBUG - Применена теорема дедукции для посылки: ((B → C) → ((A → C) → (B → C))), Новая посылка: ((¬B ∨ C) → ((A → C) → (B → C)))
2025-12-27 00:05:52,430 - DEBUG - Применена теорема дедукции для посылки: ((¬A → (A → B)) → ((¬A → A) → (¬A → B))), Новая посылка: ((A ∨ (¬A ∨ B)) → ((¬A → A) → (¬A → B)))
2025-12-27 00:05:52,430 - DEBUG - Применена теорема дедукции для посылки: (((¬A → B) → C) → ((¬A → B) → ((¬A → B) → C))), Новая посылка: ((A → C) → ((¬B ∨ C) → ((¬A → B) → ((¬A → B) → C))))
2025-12-27 00:05:52,430 - DEBUG - Применена теорема дедукции для посылки: (((¬A → B) → ¬A) → (((¬A → B) → ¬A) → (¬A → B))), Новая посылка: ((B → ¬A) → ((¬A ∨ ¬A) → (((¬A → B) → ¬A) → (¬A → B))))
2025-12-27 00:05:52,430 - DEBUG - Применена теорема дедукции для посылки: ((A → (A → C)) → ((A → (A → C)) → A)), Новая посылка: ((¬A ∨ (¬A ∨ C)) → ((A → (A → C)) → A))
2025-12-27 00:05:52,430 - DEBUG - Применена теорема дедукции для посылки: ((A → A) → ((A → A) → A)), Новая посылка: ((¬A ∨ A) → ((A → A) → A))
2025-12-27 00:05:52,430 - DEBUG - Применена теорема дедукции для посылки: ((¬A → (C → A)) → ((¬A → C) → (¬A → A))), Новая посылка: ((A ∨ (¬C ∨ A)) → ((¬A → C) → (¬A → A)))
2025-12-27 00:05:52,430 - DEBUG - Применена теорема дедукции для посылки: ((¬A → (((B → C) → ((¬A → B) → C)) → ((¬A → B) → C))) → ((¬A → ((B → C) → ((¬A → B) → C))) → (¬A → ((¬A → B) → C)))), Новая посылка: (¬(¬((¬A → (¬(B → C) → (A → C))) → ¬(¬A → (¬(¬(¬A → B) → C) → (A → C)))) → ¬(¬A → (¬(B → C) → (B → C)))) → ((A ∨ (((A ∨ B) ∨ C) ∨ (¬B ∨ C))) → ((¬A → ((B → C) → ((¬A → B) → C))) → (¬A → ((¬A → B) → C)))))
2025-12-27 00:05:52,430 - DEBUG - Применена теорема дедукции для посылки: ((B → C) → ((B → C) → (B → C))), Новая посылка: ((¬B ∨ C) → ((B → C) → (B → C)))
2025-12-27 00:05:52,430 - DEBUG - Применена теорема дедукции для посылки: ((¬A → (C → B)) → ((¬A → C) → (¬A → B))), Новая посылка: ((A ∨ (¬C ∨ B)) → ((¬A → C) → (¬A → B)))
2025-12-27 00:05:52,430 - DEBUG - Применена теорема дедукции для посылки: ((A → ((A → C) → ((B → C) → ((¬A → B) → C)))) → ((A → ((A → C) → ((B → C) → ((¬A → B) → C)))) → A)), Новая посылка: (¬(¬(¬(¬(¬(¬((A → (C → (¬B → (A → C)))) → ¬(A → (¬A → (C → (A → C))))) → ¬(A → (C → (C → (B → C))))) → ¬(A → (¬A → (¬B → (B → C))))) → ¬(A → (¬A → (C → (B → C))))) → ¬(A → (C → (¬B → (B → C))))) → ¬(A → (C → (C → (A → C))))) → ((¬A ∨ (A ∨ (B ∨ (¬A ∨ C)))) → ((A → ((A → C) → ((B → C) → ((¬A → B) → C)))) → A)))
2025-12-27 00:05:52,430 - DEBUG - Применена теорема дедукции для посылки: ((((B → C) → ((¬A → B) → C)) → (¬A → B)) → ((((B → C) → ((¬A → B) → C)) → (¬A → B)) → ((B → C) → ((¬A → B) → C)))), Новая посылка: ((¬(¬(¬A → B) → C) → (¬A → B)) → (((¬B ∨ C) ∨ (A ∨ B)) → ((((B → C) → ((¬A → B) → C)) → (¬A → B)) → ((B → C) → ((¬A → B) → C)))))
2025-12-27 00:05:52,431 - DEBUG - Применена теорема дедукции для посылки: (((B → C) → ((¬A → B) → C)) → (((¬A → B) → C) → ((B → C) → ((¬A → B) → C)))), Новая посылка: (¬(¬((C → (A → C)) → ¬(¬B → (B → C))) → ¬(C → (B → C))) → ((B ∨ (¬A ∨ C)) → (((¬A → B) → C) → ((B → C) → ((¬A → B) → C)))))
2025-12-27 00:05:52,431 - DEBUG - Применена теорема дедукции для посылки: ((¬A → (¬A → (¬A → B))) → ((¬A → ¬A) → (¬A → (¬A → B)))), Новая посылка: ((A ∨ (A ∨ (A ∨ B))) → ((¬A → ¬A) → (¬A → (¬A → B))))
2025-12-27 00:05:52,431 - DEBUG - Применена теорема дедукции для посылки: ((¬A → (B → (B → C))) → ((¬A → B) → (¬A → (B → C)))), Новая посылка: ((A ∨ (¬B ∨ (¬B ∨ C))) → ((¬A → B) → (¬A → (B → C))))
2025-12-27 00:05:52,431 - DEBUG - Применена теорема дедукции для посылки: (((A → C) → ((B → C) → ((¬A → B) → C))) → (¬A → ((A → C) → ((B → C) → ((¬A → B) → C))))), Новая посылка: (¬(¬(¬(¬(¬(¬((¬A → (¬B → (A → C))) → ¬(C → (C → (A → C)))) → ¬(¬A → (C → (A → C)))) → ¬(C → (¬B → (B → C)))) → ¬(C → (¬B → (A → C)))) → ¬(¬A → (¬B → (B → C)))) → ¬(¬A → (C → (B → C)))) → ((¬C ∨ (¬C ∨ (¬B ∨ C))) → (¬A → ((A → C) → ((B → C) → ((¬A → B) → C))))))
2025-12-27 00:05:52,431 - DEBUG - Применена теорема дедукции для посылки: ((¬A → (((B → C) → ((¬A → B) → C)) → B)) → ((¬A → ((B → C) → ((¬A → B) → C))) → (¬A → B))), Новая посылка: ((¬A → (¬(¬(¬A → B) → C) → B)) → ((A ∨ ((¬B ∨ C) ∨ B)) → ((¬A → ((B → C) → ((¬A → B) → C))) → (¬A → B))))
2025-12-27 00:05:52,431 - DEBUG - Применена теорема дедукции для посылки: (((A → C) → ((B → C) → ((¬A → B) → C))) → (B → ((A → C) → ((B → C) → ((¬A → B) → C))))), Новая посылка: (¬(¬(¬(¬(¬(¬((¬A → (¬B → (A → C))) → ¬(C → (C → (A → C)))) → ¬(¬A → (C → (A → C)))) → ¬(C → (¬B → (B → C)))) → ¬(C → (¬B → (A → C)))) → ¬(C → (C → (B → C)))) → ¬(¬A → (C → (B → C)))) → ((A ∨ (B ∨ (¬B ∨ C))) → (B → ((A → C) → ((B → C) → ((¬A → B) → C))))))
2025-12-27 00:05:52,431 - DEBUG - Применена теорема дедукции для посылки: (((A → C) → ((B → C) → ((¬A → B) → C))) → ((¬A → B) → ((A → C) → ((B → C) → ((¬A → B) → C))))), Новая посылка: (¬(¬(¬(¬(¬(¬((C → (C → (A → C))) → ¬(¬A → (C → (A → C)))) → ¬(C → (¬B → (B → C)))) → ¬(C → (¬B → (A → C)))) → ¬(C → (C → (B → C)))) → ¬(¬A → (¬B → (B → C)))) → ¬(¬A → (C → (B → C)))) → ((A ∨ (B ∨ (¬A ∨ C))) → ((¬A → B) → ((A → C) → ((B → C) → ((¬A → B) → C))))))
2025-12-27 00:05:52,431 - DEBUG - Применена теорема дедукции для посылки: ((¬A → ((¬A → B) → ((B → C) → ((¬A → B) → C)))) → ((¬A → (¬A → B)) → (¬A → ((B → C) → ((¬A → B) → C))))), Новая посылка: (¬(¬(¬(¬(¬(¬((¬A → (B → (¬B → (A → C)))) → ¬(¬A → (B → (¬B → (B → C))))) → ¬(¬A → (A → (¬B → (A → C))))) → ¬(¬A → (A → (¬B → (B → C))))) → ¬(¬A → (B → (C → (A → C))))) → ¬(¬A → (A → (C → (B → C))))) → ¬(¬A → (B → (C → (B → C))))) → ((A ∨ (¬A ∨ (¬C ∨ (¬A ∨ C)))) → ((¬A → (¬A → B)) → (¬A → ((B → C) → ((¬A → B) → C))))))
2025-12-27 00:05:52,432 - DEBUG - Применена теорема дедукции для посылки: (((¬A → B) → C) → (¬A → ((¬A → B) → C))), Новая посылка: ((B → C) → ((¬A ∨ C) → (¬A → ((¬A → B) → C))))
2025-12-27 00:05:52,432 - DEBUG - Применена теорема дедукции для посылки: ((¬A → (C → ((B → C) → ((¬A → B) → C)))) → ((¬A → C) → (¬A → ((B → C) → ((¬A → B) → C))))), Новая посылка: (¬(¬((¬A → (C → (¬B → (A → C)))) → ¬(¬A → (C → (¬B → (B → C))))) → ¬(¬A → (C → (C → (A → C))))) → ((A ∨ (¬C ∨ (¬C ∨ (¬B ∨ C)))) → ((¬A → C) → (¬A → ((B → C) → ((¬A → B) → C))))))
2025-12-27 00:05:52,432 - DEBUG - Применена теорема дедукции для посылки: ((((B → C) → ((¬A → B) → C)) → A) → ((((B → C) → ((¬A → B) → C)) → A) → ((B → C) → ((¬A → B) → C)))), Новая посылка: ((¬(B → C) → A) → ((((A ∨ B) ∨ C) ∨ A) → ((((B → C) → ((¬A → B) → C)) → A) → ((B → C) → ((¬A → B) → C)))))
2025-12-27 00:05:52,432 - DEBUG - Применена теорема дедукции для посылки: ((¬A → (((¬A → B) → C) → (¬A → B))) → ((¬A → ((¬A → B) → C)) → (¬A → (¬A → B)))), Новая посылка: ((¬A → (C → (¬A → B))) → ((A ∨ ((A ∨ B) ∨ (A ∨ B))) → ((¬A → ((¬A → B) → C)) → (¬A → (¬A → B)))))
2025-12-27 00:05:52,432 - DEBUG - Применена теорема дедукции для посылки: ((¬A → (((A → C) → ((B → C) → ((¬A → B) → C))) → B)) → ((¬A → ((A → C) → ((B → C) → ((¬A → B) → C)))) → (¬A → B))), Новая посылка: ((¬A → (¬(A → C) → B)) → ((A ∨ (((¬B ∨ C) ∨ ((A ∨ B) ∨ C)) ∨ B)) → ((¬A → ((A → C) → ((B → C) → ((¬A → B) → C)))) → (¬A → B))))
2025-12-27 00:05:52,432 - DEBUG - Применена теорема дедукции для посылки: ((¬A → (((B → C) → ((¬A → B) → C)) → ((A → C) → ((B → C) → ((¬A → B) → C))))) → ((¬A → ((B → C) → ((¬A → B) → C))) → (¬A → ((A → C) → ((B → C) → ((¬A → B) → C)))))), Новая посылка: (¬(¬(¬(¬(¬(¬(¬(¬(¬(¬(¬(¬(¬(¬((¬A → (¬(¬(¬A → B) → C) → (¬A → (C → (B → C))))) → ¬(¬A → (¬(¬(¬A → B) → C) → (C → (C → (B → C)))))) → ¬(¬A → (¬(¬(¬A → B) → C) → (¬A → (C → (A → C)))))) → ¬(¬A → (¬(B → C) → (C → (¬B → (A → C)))))) → ¬(¬A → (¬(¬(¬A → B) → C) → (C → (C → (A → C)))))) → ¬(¬A → (¬(¬(¬A → B) → C) → (¬A → (¬B → (B → C)))))) → ¬(¬A → (¬(B → C) → (¬A → (C → (A → C)))))) → ¬(¬A → (¬(¬(¬A → B) → C) → (C → (¬B → (A → C)))))) → ¬(¬A → (¬(B → C) → (¬A → (C → (B → C)))))) → ¬(¬A → (¬(¬(¬A → B) → C) → (C → (¬B → (B → C)))))) → ¬(¬A → (¬(B → C) → (C → (C → (A → C)))))) → ¬(¬A → (¬(B → C) → (¬A → (¬B → (A → C)))))) → ¬(¬A → (¬(¬(¬A → B) → C) → (¬A → (¬B → (A → C)))))) → ¬(¬A → (¬(B → C) → (¬A → (¬B → (B → C)))))) → ¬(¬A → (¬(B → C) → (C → (¬B → (B → C)))))) → ((A ∨ ((¬B ∨ C) ∨ (¬C ∨ (¬C ∨ (¬B ∨ C))))) → ((¬A → ((B → C) → ((¬A → B) → C))) → (¬A → ((A → C) → ((B → C) → ((¬A → B) → C)))))))
2025-12-27 00:05:52,433 - DEBUG - Применена теорема дедукции для посылки: ((¬A → (C → (¬A → B))) → ((¬A → C) → (¬A → (¬A → B)))), Новая посылка: ((A ∨ (¬C ∨ (A ∨ B))) → ((¬A → C) → (¬A → (¬A → B))))
2025-12-27 00:05:52,433 - DEBUG - Применена теорема дедукции для посылки: ((¬A → (A → (A → C))) → ((¬A → A) → (¬A → (A → C)))), Новая посылка: ((A ∨ (¬A ∨ (¬A ∨ C))) → ((¬A → A) → (¬A → (A → C))))
2025-12-27 00:05:52,433 - DEBUG - Применена теорема дедукции для посылки: ((((B → C) → ((¬A → B) → C)) → (A → C)) → ((((B → C) → ((¬A → B) → C)) → (A → C)) → ((B → C) → ((¬A → B) → C)))), Новая посылка: ((¬(B → C) → (A → C)) → ((((A ∨ B) ∨ C) ∨ (¬A ∨ C)) → ((((B → C) → ((¬A → B) → C)) → (A → C)) → ((B → C) → ((¬A → B) → C)))))
2025-12-27 00:05:52,433 - DEBUG - Применена теорема дедукции для посылки: ((¬A → B) → ((A → C) → (¬A → B))), Новая посылка: ((A ∨ B) → ((A → C) → (¬A → B)))
2025-12-27 00:05:52,433 - DEBUG - Применена теорема дедукции для посылки: (((B → C) → ((¬A → B) → C)) → (((A → C) → ((B → C) → ((¬A → B) → C))) → ((B → C) → ((¬A → B) → C)))), Новая посылка: (¬(¬((¬B → (B → C)) → ¬(¬B → (A → C))) → ¬(C → (B → C))) → ((¬C ∨ (¬A ∨ C)) → (((A → C) → ((B → C) → ((¬A → B) → C))) → ((B → C) → ((¬A → B) → C)))))
2025-12-27 00:05:52,433 - DEBUG - Применена теорема дедукции для посылки: (((A → C) → (A → C)) → (((A → C) → (A → C)) → (A → C))), Новая посылка: ((¬A → (A → C)) → ((¬C ∨ (¬A ∨ C)) → (((A → C) → (A → C)) → (A → C))))
2025-12-27 00:05:52,433 - DEBUG - Применена теорема дедукции для посылки: ((¬A → (((B → C) → ((¬A → B) → C)) → (¬A → B))) → ((¬A → ((B → C) → ((¬A → B) → C))) → (¬A → (¬A → B)))), Новая посылка: ((¬A → (¬(¬(¬A → B) → C) → (¬A → B))) → ((A ∨ ((¬B ∨ C) ∨ (A ∨ B))) → ((¬A → ((B → C) → ((¬A → B) → C))) → (¬A → (¬A → B)))))
2025-12-27 00:05:52,433 - DEBUG - Применена теорема дедукции для посылки: ((((¬A → B) → C) → ((¬A → B) → C)) → ((((¬A → B) → C) → ((¬A → B) → C)) → ((¬A → B) → C))), Новая посылка: (¬(¬((C → (A → C)) → ¬(C → (B → C))) → ¬(¬(¬A → B) → (A → C))) → (((A ∨ B) ∨ (¬B ∨ C)) → ((((¬A → B) → C) → ((¬A → B) → C)) → ((¬A → B) → C))))
2025-12-27 00:05:52,434 - DEBUG - Применена теорема дедукции для посылки: ((((A → C) → ((B → C) → ((¬A → B) → C))) → ((A → C) → ((B → C) → ((¬A → B) → C)))) → ((((A → C) → ((B → C) → ((¬A → B) → C))) → ((A → C) → ((B → C) → ((¬A → B) → C)))) → ((A → C) → ((B → C) → ((¬A → B) → C))))), Новая посылка: (¬(¬(¬(¬(¬(¬(¬(¬(¬(¬(¬(¬(¬(¬((¬(¬(B → C) → (¬(¬A → B) → C)) → (C → (¬B → (B → C)))) → ¬(¬(A → C) → (C → (C → (A → C))))) → ¬(¬(A → C) → (C → (¬B → (B → C))))) → ¬(¬(¬(B → C) → (¬(¬A → B) → C)) → (C → (¬B → (A → C))))) → ¬(¬(A → C) → (C → (¬B → (A → C))))) → ¬(¬(A → C) → (¬A → (¬B → (A → C))))) → ¬(¬(¬(B → C) → (¬(¬A → B) → C)) → (C → (C → (A → C))))) → ¬(¬(A → C) → (¬A → (C → (A → C))))) → ¬(¬(¬(B → C) → (¬(¬A → B) → C)) → (¬A → (C → (A → C))))) → ¬(¬(¬(B → C) → (¬(¬A → B) → C)) → (C → (C → (B → C))))) → ¬(¬(¬(B → C) → (¬(¬A → B) → C)) → (¬A → (¬B → (A → C))))) → ¬(¬(A → C) → (¬A → (C → (B → C))))) → ¬(¬(A → C) → (¬A → (¬B → (B → C))))) → ¬(¬(¬(B → C) → (¬(¬A → B) → C)) → (¬A → (¬B → (B → C))))) → ¬(¬(A → C) → (C → (C → (B → C))))) → ((((¬B ∨ C) ∨ ((A ∨ B) ∨ C)) ∨ (A ∨ (¬C ∨ (¬B ∨ C)))) → ((((A → C) → ((B → C) → ((¬A → B) → C))) → ((A → C) → ((B → C) → ((¬A → B) → C)))) → ((A → C) → ((B → C) → ((¬A → B) → C))))))
2025-12-27 00:05:52,434 - DEBUG - Применена теорема дедукции для посылки: ((B → C) → (A → (B → C))), Новая посылка: ((¬B ∨ C) → (A → (B → C)))
2025-12-27 00:05:52,434 - DEBUG - Применена теорема дедукции для посылки: ((¬A → (¬A → A)) → ((¬A → ¬A) → (¬A → A))), Новая посылка: ((A ∨ (A ∨ A)) → ((¬A → ¬A) → (¬A → A)))
2025-12-27 00:05:52,434 - DEBUG - Применена теорема дедукции для посылки: ((((B → C) → ((¬A → B) → C)) → B) → ((((B → C) → ((¬A → B) → C)) → B) → ((B → C) → ((¬A → B) → C)))), Новая посылка: ((¬(¬(¬A → B) → C) → B) → (((¬B ∨ C) ∨ B) → ((((B → C) → ((¬A → B) → C)) → B) → ((B → C) → ((¬A → B) → C)))))
2025-12-27 00:05:52,434 - DEBUG - Применена теорема дедукции для посылки: (((A → C) → ¬A) → (((A → C) → ¬A) → (A → C))), Новая посылка: ((¬A → ¬A) → ((¬C ∨ ¬A) → (((A → C) → ¬A) → (A → C))))
2025-12-27 00:05:52,434 - DEBUG - Применена теорема дедукции для посылки: (((A → C) → ((B → C) → ((¬A → B) → C))) → (((A → C) → ((B → C) → ((¬A → B) → C))) → ((A → C) → ((B → C) → ((¬A → B) → C))))), Новая посылка: (¬(¬(¬(¬(¬(¬((¬A → (¬B → (A → C))) → ¬(¬A → (C → (A → C)))) → ¬(C → (¬B → (B → C)))) → ¬(C → (¬B → (A → C)))) → ¬(C → (C → (B → C)))) → ¬(¬A → (¬B → (B → C)))) → ¬(¬A → (C → (B → C)))) → ((¬C ∨ (¬C ∨ (¬A ∨ C))) → (((A → C) → ((B → C) → ((¬A → B) → C))) → ((A → C) → ((B → C) → ((¬A → B) → C))))))
2025-12-27 00:05:52,434 - DEBUG - Применена теорема дедукции для посылки: ((¬A → B) → (¬A → (¬A → B))), Новая посылка: ((A ∨ B) → (¬A → (¬A → B)))
2025-12-27 00:05:52,434 - DEBUG - Применена теорема дедукции для посылки: ((¬A → ((¬A → B) → C)) → ((¬A → (¬A → B)) → (¬A → C))), Новая посылка: ((¬A → (B → C)) → ((A ∨ (¬A ∨ C)) → ((¬A → (¬A → B)) → (¬A → C))))
2025-12-27 00:05:52,434 - DEBUG - Применена теорема дедукции для посылки: ((¬A → (A → ((A → C) → ((B → C) → ((¬A → B) → C))))) → ((¬A → A) → (¬A → ((A → C) → ((B → C) → ((¬A → B) → C)))))), Новая посылка: (¬(¬(¬(¬(¬(¬((¬A → (A → (¬A → (C → (B → C))))) → ¬(¬A → (A → (C → (C → (B → C)))))) → ¬(¬A → (A → (¬A → (C → (A → C)))))) → ¬(¬A → (A → (¬A → (¬B → (A → C)))))) → ¬(¬A → (A → (¬A → (¬B → (B → C)))))) → ¬(¬A → (A → (C → (C → (A → C)))))) → ¬(¬A → (A → (C → (¬B → (A → C)))))) → ((A ∨ (¬A ∨ (¬C ∨ (B ∨ (¬B ∨ C))))) → ((¬A → A) → (¬A → ((A → C) → ((B → C) → ((¬A → B) → C)))))))
2025-12-27 00:05:52,434 - DEBUG - Применена теорема дедукции для посылки: ((¬A → B) → (((¬A → B) → C) → (¬A → B))), Новая посылка: ((A ∨ B) → (((¬A → B) → C) → (¬A → B)))
2025-12-27 00:05:52,434 - DEBUG - Применена теорема дедукции для посылки: ((B → C) → (((B → C) → ((¬A → B) → C)) → (B → C))), Новая посылка: ((¬B ∨ C) → (((B → C) → ((¬A → B) → C)) → (B → C)))
2025-12-27 00:05:52,434 - DEBUG - Применена теорема дедукции для посылки: (((¬A → B) → C) → (((A → C) → ((B → C) → ((¬A → B) → C))) → ((¬A → B) → C))), Новая посылка: ((B → C) → ((¬A ∨ C) → (((A → C) → ((B → C) → ((¬A → B) → C))) → ((¬A → B) → C))))
2025-12-27 00:05:52,434 - DEBUG - Применена теорема дедукции для посылки: ((C → ¬A) → ((C → ¬A) → C)), Новая посылка: ((¬C ∨ ¬A) → ((C → ¬A) → C))
2025-12-27 00:05:52,434 - DEBUG - Применена теорема дедукции для посылки: ((¬A → (((¬A → B) → C) → (B → C))) → ((¬A → ((¬A → B) → C)) → (¬A → (B → C)))), Новая посылка: ((¬A → (C → (B → C))) → ((A ∨ ((A ∨ B) ∨ (¬B ∨ C))) → ((¬A → ((¬A → B) → C)) → (¬A → (B → C)))))
2025-12-27 00:05:52,434 - DEBUG - Применена теорема дедукции для посылки: (((¬A → B) → B) → (((¬A → B) → B) → (¬A → B))), Новая посылка: ((B → B) → ((¬A ∨ B) → (((¬A → B) → B) → (¬A → B))))
2025-12-27 00:05:52,434 - DEBUG - Применена теорема дедукции для посылки: (((B → C) → B) → (((B → C) → B) → (B → C))), Новая посылка: ((C → B) → ((B ∨ B) → (((B → C) → B) → (B → C))))
2025-12-27 00:05:52,434 - DEBUG - Применена теорема дедукции для посылки: (((A → C) → ((B → C) → ((¬A → B) → C))) → ((B → C) → ((A → C) → ((B → C) → ((¬A → B) → C))))), Новая посылка: (¬(¬(¬(¬(¬(¬((¬A → (¬B → (A → C))) → ¬(C → (C → (A → C)))) → ¬(¬A → (C → (A → C)))) → ¬(C → (¬B → (B → C)))) → ¬(C → (¬B → (A → C)))) → ¬(¬A → (¬B → (B → C)))) → ¬(¬A → (C → (B → C)))) → ((¬C ∨ (¬C ∨ (¬B ∨ C))) → ((B → C) → ((A → C) → ((B → C) → ((¬A → B) → C))))))
2025-12-27 00:05:52,435 - DEBUG - Применена теорема дедукции для посылки: ((¬A → ((A → C) → ((B → C) → ((¬A → B) → C)))) → ((¬A → (A → C)) → (¬A → ((B → C) → ((¬A → B) → C))))), Новая посылка: (¬(¬(¬(¬(¬(¬((¬A → (¬A → (¬B → (A → C)))) → ¬(¬A → (¬A → (C → (A → C))))) → ¬(¬A → (C → (C → (A → C))))) → ¬(¬A → (¬A → (C → (B → C))))) → ¬(¬A → (C → (¬B → (A → C))))) → ¬(¬A → (C → (C → (B → C))))) → ¬(¬A → (¬A → (¬B → (B → C))))) → ((A ∨ (¬C ∨ (B ∨ (¬B ∨ C)))) → ((¬A → (A → C)) → (¬A → ((B → C) → ((¬A → B) → C))))))
2025-12-27 00:05:52,435 - DEBUG - Применена теорема дедукции для посылки: ((((A → C) → ((B → C) → ((¬A → B) → C))) → A) → ((((A → C) → ((B → C) → ((¬A → B) → C))) → A) → ((A → C) → ((B → C) → ((¬A → B) → C))))), Новая посылка: ((¬(A → C) → A) → ((((¬B ∨ C) ∨ ((A ∨ B) ∨ C)) ∨ A) → ((((A → C) → ((B → C) → ((¬A → B) → C))) → A) → ((A → C) → ((B → C) → ((¬A → B) → C))))))
2025-12-27 00:05:52,435 - DEBUG - Применена теорема дедукции для посылки: ((((B → C) → ((¬A → B) → C)) → ¬A) → ((((B → C) → ((¬A → B) → C)) → ¬A) → ((B → C) → ((¬A → B) → C)))), Новая посылка: ((¬(B → C) → ¬A) → ((((A ∨ B) ∨ C) ∨ ¬A) → ((((B → C) → ((¬A → B) → C)) → ¬A) → ((B → C) → ((¬A → B) → C)))))
2025-12-27 00:05:52,435 - DEBUG - Применена теорема дедукции для посылки: ((A → C) → (C → (A → C))), Новая посылка: ((¬A ∨ C) → (C → (A → C)))
2025-12-27 00:05:52,435 - DEBUG - Применена теорема дедукции для посылки: ((¬A → (((B → C) → ((¬A → B) → C)) → (B → C))) → ((¬A → ((B → C) → ((¬A → B) → C))) → (¬A → (B → C)))), Новая посылка: ((¬A → (¬(¬(¬A → B) → C) → (B → C))) → ((A ∨ ((¬B ∨ C) ∨ (¬B ∨ C))) → ((¬A → ((B → C) → ((¬A → B) → C))) → (¬A → (B → C)))))
2025-12-27 00:05:52,435 - DEBUG - Применена теорема дедукции для посылки: ((A → C) → (B → (A → C))), Новая посылка: ((¬A ∨ C) → (B → (A → C)))
2025-12-27 00:05:52,435 - DEBUG - Применена теорема дедукции для посылки: ((((A → C) → ((B → C) → ((¬A → B) → C))) → (A → C)) → ((((A → C) → ((B → C) → ((¬A → B) → C))) → (A → C)) → ((A → C) → ((B → C) → ((¬A → B) → C))))), Новая посылка: ((¬(¬(B → C) → (¬(¬A → B) → C)) → (A → C)) → (((¬A ∨ C) ∨ (¬A ∨ C)) → ((((A → C) → ((B → C) → ((¬A → B) → C))) → (A → C)) → ((A → C) → ((B → C) → ((¬A → B) → C))))))
2025-12-27 00:05:52,435 - DEBUG - Применена теорема дедукции для посылки: ((¬A → ((B → C) → ((B → C) → ((¬A → B) → C)))) → ((¬A → (B → C)) → (¬A → ((B → C) → ((¬A → B) → C))))), Новая посылка: (¬(¬(¬(¬(¬(¬((¬A → (¬B → (C → (A → C)))) → ¬(¬A → (C → (C → (A → C))))) → ¬(¬A → (¬B → (¬B → (A → C))))) → ¬(¬A → (C → (C → (B → C))))) → ¬(¬A → (C → (¬B → (A → C))))) → ¬(¬A → (¬B → (¬B → (B → C))))) → ¬(¬A → (¬B → (C → (B → C))))) → ((A ∨ (¬C ∨ (B ∨ (¬B ∨ C)))) → ((¬A → (B → C)) → (¬A → ((B → C) → ((¬A → B) → C))))))
2025-12-27 00:05:52,435 - DEBUG - Применена теорема дедукции для посылки: ((¬A → ((B → C) → (¬A → B))) → ((¬A → (B → C)) → (¬A → (¬A → B)))), Новая посылка: ((¬A → (¬B → (¬A → B))) → ((A ∨ (¬C ∨ (A ∨ B))) → ((¬A → (B → C)) → (¬A → (¬A → B)))))
2025-12-27 00:05:52,436 - DEBUG - Применена теорема дедукции для посылки: (((¬A → B) → ((B → C) → ((¬A → B) → C))) → (((¬A → B) → ((B → C) → ((¬A → B) → C))) → (¬A → B))), Новая посылка: (¬(¬(¬(¬(¬(¬((A → (¬B → (A → C))) → ¬(B → (C → (A → C)))) → ¬(A → (¬B → (B → C)))) → ¬(A → (C → (B → C)))) → ¬(B → (¬B → (B → C)))) → ¬(B → (C → (B → C)))) → ¬(A → (C → (A → C)))) → ((¬B ∨ (B ∨ (¬A ∨ C))) → (((¬A → B) → ((B → C) → ((¬A → B) → C))) → (¬A → B))))
2025-12-27 00:05:52,440 - INFO - Step 0: 576 formulas
2025-12-27 00:05:52,440 - INFO - Используем правило вывода
2025-12-27 00:05:52,545 - DEBUG - Найдено соответствие для MP. Посылка 1: (C → (A → C)), Посылка с правилом вывода: ((C → (A → C)) → ((B ∨ (¬A ∨ C)) → (((B → C) → (A → C)) → (B → C)))), Новая посылка: ((B ∨ (¬A ∨ C)) → (((B → C) → (A → C)) → (B → C)))
2025-12-27 00:05:52,589 - DEBUG - Найдено соответствие для MP. Посылка 1: (C → (B → C)), Посылка с правилом вывода: ((C → (B → C)) → ((¬C ∨ (¬A ∨ C)) → ((C → ((¬A → B) → C)) → C))), Новая посылка: ((¬C ∨ (¬A ∨ C)) → ((C → ((¬A → B) → C)) → C))
2025-12-27 00:05:52,741 - DEBUG - Найдено соответствие для MP. Посылка 1: (¬A → (¬A → ¬A)), Посылка с правилом вывода: ((¬A → (¬A → ¬A)) → ((A ∨ (¬C ∨ ¬A)) → ((¬A → (A → C)) → (¬A → ¬A)))), Новая посылка: ((A ∨ (¬C ∨ ¬A)) → ((¬A → (A → C)) → (¬A → ¬A)))
2025-12-27 00:05:52,924 - DEBUG - Найдено соответствие для MP. Посылка 1: (¬A → (A → ¬A)), Посылка с правилом вывода: ((¬A → (A → ¬A)) → ((A ∨ (¬B ∨ ¬A)) → ((¬A → (¬A → B)) → (¬A → ¬A)))), Новая посылка: ((A ∨ (¬B ∨ ¬A)) → ((¬A → (¬A → B)) → (¬A → ¬A)))
2025-12-27 00:05:53,076 - DEBUG - Найдено соответствие для MP. Посылка 1: (C → (B → C)), Посылка с правилом вывода: ((C → (B → C)) → (((A ∨ B) ∨ (¬B ∨ C)) → ((((¬A → B) → C) → (B → C)) → ((¬A → B) → C)))), Новая посылка: (((A ∨ B) ∨ (¬B ∨ C)) → ((((¬A → B) → C) → (B → C)) → ((¬A → B) → C)))
2025-12-27 00:05:53,592 - DEBUG - Найдено соответствие для MP. Посылка 1: (C → (A → C)), Посылка с правилом вывода: ((C → (A → C)) → C), Новая посылка: C
2025-12-27 00:05:54,197 - DEBUG - Найдено соответствие для MP. Посылка 1: (((B → C) → ((¬A → B) → C)) → ((A → C) → ((B → C) → ((¬A → B) → C)))), Посылка с правилом вывода: ((((B → C) → ((¬A → B) → C)) → ((A → C) → ((B → C) → ((¬A → B) → C)))) → ((B → C) → ((¬A → B) → C))), Новая посылка: ((B → C) → ((¬A → B) → C))
2025-12-27 00:05:54,346 - DEBUG - Найдено соответствие для MP. Посылка 1: (((¬A → B) → C) → ((B → C) → ((¬A → B) → C))), Посылка с правилом вывода: ((((¬A → B) → C) → ((B → C) → ((¬A → B) → C))) → ((¬A → B) → C)), Новая посылка: ((¬A → B) → C)
2025-12-27 00:05:54,520 - DEBUG - Найдено соответствие для MP. Посылка 1: (C → (A → C)), Посылка с правилом вывода: ((C → (A → C)) → (((A ∨ B) ∨ (¬A ∨ C)) → ((((¬A → B) → C) → (A → C)) → ((¬A → B) → C)))), Новая посылка: (((A ∨ B) ∨ (¬A ∨ C)) → ((((¬A → B) → C) → (A → C)) → ((¬A → B) → C)))
2025-12-27 00:05:54,785 - DEBUG - Найдено соответствие для MP. Посылка 1: (B → (¬A → B)), Посылка с правилом вывода: ((B → (¬A → B)) → B), Новая посылка: B
2025-12-27 00:05:54,989 - INFO - Step 1: 586 formulas
2025-12-27 00:05:54,989 - INFO - Используем правило вывода
2025-12-27 00:05:55,053 - DEBUG - Найдено соответствие для MP. Посылка 1: C, Посылка с правилом вывода: (C → (B → C)), Новая посылка: (B → C)
2025-12-27 00:05:55,150 - DEBUG - Найдено соответствие для MP. Посылка 1: B, Посылка с правилом вывода: (B → (((A → C) → ((B → C) → ((¬A → B) → C))) → B)), Новая посылка: (((A → C) → ((B → C) → ((¬A → B) → C))) → B)
2025-12-27 00:05:55,239 - DEBUG - Найдено соответствие для MP. Посылка 1: B, Посылка с правилом вывода: (B → (A → B)), Новая посылка: (A → B)
2025-12-27 00:05:55,246 - DEBUG - Найдено соответствие для MP. Посылка 1: ((B → C) → ((¬A → B) → C)), Посылка с правилом вывода: (((B → C) → ((¬A → B) → C)) → (B → ((B → C) → ((¬A → B) → C)))), Новая посылка: (B → ((B → C) → ((¬A → B) → C)))
2025-12-27 00:05:55,286 - DEBUG - Найдено соответствие для MP. Посылка 1: ((¬A → B) → C), Посылка с правилом вывода: (((¬A → B) → C) → ((A → C) → ((¬A → B) → C))), Новая посылка: ((A → C) → ((¬A → B) → C))
2025-12-27 00:05:55,319 - DEBUG - Найдено соответствие для MP. Посылка 1: B, Посылка с правилом вывода: (B → ((¬A → B) → B)), Новая посылка: ((¬A → B) → B)
2025-12-27 00:05:55,326 - DEBUG - Найдено соответствие для MP. Посылка 1: ((B → C) → ((¬A → B) → C)), Посылка с правилом вывода: (((B → C) → ((¬A → B) → C)) → ((B → C) → ((B → C) → ((¬A → B) → C)))), Новая посылка: ((B → C) → ((B → C) → ((¬A → B) → C)))
2025-12-27 00:05:55,482 - DEBUG - Найдено соответствие для MP. Посылка 1: ((¬A → B) → C), Посылка с правилом вывода: (((¬A → B) → C) → (((B → C) → ((¬A → B) → C)) → ((¬A → B) → C))), Новая посылка: (((B → C) → ((¬A → B) → C)) → ((¬A → B) → C))
2025-12-27 00:05:55,605 - DEBUG - Найдено соответствие для MP. Посылка 1: ((¬A → B) → C), Посылка с правилом вывода: (((¬A → B) → C) → (((A → C) → ((B → C) → ((¬A → B) → C))) → ((¬A → B) → C))), Новая посылка: (((A → C) → ((B → C) → ((¬A → B) → C))) → ((¬A → B) → C))
2025-12-27 00:05:55,673 - DEBUG - Найдено соответствие для MP. Посылка 1: ((¬A → B) → C), Посылка с правилом вывода: (((¬A → B) → C) → (B → ((¬A → B) → C))), Новая посылка: (B → ((¬A → B) → C))
2025-12-27 00:05:55,767 - DEBUG - Найдено соответствие для MP. Посылка 1: B, Посылка с правилом вывода: (B → (¬A → B)), Новая посылка: (¬A → B)
2025-12-27 00:05:55,868 - DEBUG - Найдено соответствие для MP. Посылка 1: C, Посылка с правилом вывода: (C → (((¬A → B) → C) → C)), Новая посылка: (((¬A → B) → C) → C)
2025-12-27 00:05:56,055 - DEBUG - Найдено соответствие для MP. Посылка 1: C, Посылка с правилом вывода: (C → ((A → C) → C)), Новая посылка: ((A → C) → C)
2025-12-27 00:05:56,122 - DEBUG - Найдено соответствие для MP. Посылка 1: ((B → C) → ((¬A → B) → C)), Посылка с правилом вывода: (((B → C) → ((¬A → B) → C)) → ((¬A → B) → ((B → C) → ((¬A → B) → C)))), Новая посылка: ((¬A → B) → ((B → C) → ((¬A → B) → C)))
2025-12-27 00:05:56,169 - DEBUG - Найдено соответствие для MP. Посылка 1: ((¬A → B) → C), Посылка с правилом вывода: (((¬A → B) → C) → (A → ((¬A → B) → C))), Новая посылка: (A → ((¬A → B) → C))
2025-12-27 00:05:56,332 - DEBUG - Найдено соответствие для MP. Посылка 1: C, Посылка с правилом вывода: (C → (((A → C) → ((B → C) → ((¬A → B) → C))) → C)), Новая посылка: (((A → C) → ((B → C) → ((¬A → B) → C))) → C)
2025-12-27 00:05:56,336 - DEBUG - Найдено соответствие для MP. Посылка 1: C, Посылка с правилом вывода: (C → ((B → C) → C)), Новая посылка: ((B → C) → C)
2025-12-27 00:05:56,389 - DEBUG - Найдено соответствие для MP. Посылка 1: ((B → C) → ((¬A → B) → C)), Посылка с правилом вывода: (((B → C) → ((¬A → B) → C)) → ((A → C) → ((B → C) → ((¬A → B) → C)))), Новая посылка: ((A → C) → ((B → C) → ((¬A → B) → C)))
2025-12-27 00:05:56,419 - DEBUG - Найдено соответствие для MP. Посылка 1: B, Посылка с правилом вывода: (B → (C → B)), Новая посылка: (C → B)
2025-12-27 00:05:56,553 - DEBUG - Найдено соответствие для MP. Посылка 1: B, Посылка с правилом вывода: (B → ((B → C) → B)), Новая посылка: ((B → C) → B)
2025-12-27 00:05:56,611 - DEBUG - Найдено соответствие для MP. Посылка 1: ((B → C) → ((¬A → B) → C)), Посылка с правилом вывода: (((B → C) → ((¬A → B) → C)) → (((B → C) → ((¬A → B) → C)) → (B → C))), Новая посылка: (((B → C) → ((¬A → B) → C)) → (B → C))
2025-12-27 00:05:56,652 - DEBUG - Найдено соответствие для MP. Посылка 1: C, Посылка с правилом вывода: (C → (((B → C) → ((¬A → B) → C)) → C)), Новая посылка: (((B → C) → ((¬A → B) → C)) → C)
2025-12-27 00:05:56,785 - DEBUG - Найдено соответствие для MP. Посылка 1: ((¬A → B) → C), Посылка с правилом вывода: (((¬A → B) → C) → ((¬A → B) → ((¬A → B) → C))), Новая посылка: ((¬A → B) → ((¬A → B) → C))
2025-12-27 00:05:56,873 - DEBUG - Найдено соответствие для MP. Посылка 1: ((¬A → B) → C), Посылка с правилом вывода: (((¬A → B) → C) → (¬A → ((¬A → B) → C))), Новая посылка: (¬A → ((¬A → B) → C))
2025-12-27 00:05:56,894 - DEBUG - Найдено соответствие для MP. Посылка 1: ((B → C) → ((¬A → B) → C)), Посылка с правилом вывода: (((B → C) → ((¬A → B) → C)) → (((A → C) → ((B → C) → ((¬A → B) → C))) → ((B → C) → ((¬A → B) → C)))), Новая посылка: (((A → C) → ((B → C) → ((¬A → B) → C))) → ((B → C) → ((¬A → B) → C)))
2025-12-27 00:05:56,954 - DEBUG - Найдено соответствие для MP. Посылка 1: C, Посылка с правилом вывода: (C → (A → C)), Новая посылка: (A → C)
2025-12-27 00:05:56,989 - DEBUG - Найдено соответствие для MP. Посылка 1: B, Посылка с правилом вывода: (B → (B → B)), Новая посылка: (B → B)
2025-12-27 00:05:57,011 - DEBUG - Найдено соответствие для MP. Посылка 1: ((B → C) → ((¬A → B) → C)), Посылка с правилом вывода: (((B → C) → ((¬A → B) → C)) → (((B → C) → ((¬A → B) → C)) → ((B → C) → ((¬A → B) → C)))), Новая посылка: (((B → C) → ((¬A → B) → C)) → ((B → C) → ((¬A → B) → C)))
2025-12-27 00:05:57,021 - DEBUG - Найдено соответствие для MP. Посылка 1: ((¬A → B) → C), Посылка с правилом вывода: (((¬A → B) → C) → (((¬A → B) → C) → (¬A → B))), Новая посылка: (((¬A → B) → C) → (¬A → B))
2025-12-27 00:05:57,068 - DEBUG - Найдено соответствие для MP. Посылка 1: ((B → C) → ((¬A → B) → C)), Посылка с правилом вывода: (((B → C) → ((¬A → B) → C)) → (¬A → ((B → C) → ((¬A → B) → C)))), Новая посылка: (¬A → ((B → C) → ((¬A → B) → C)))
2025-12-27 00:05:57,146 - DEBUG - Найдено соответствие для MP. Посылка 1: ((B → C) → ((¬A → B) → C)), Посылка с правилом вывода: (((B → C) → ((¬A → B) → C)) → (C → ((B → C) → ((¬A → B) → C)))), Новая посылка: (C → ((B → C) → ((¬A → B) → C)))
2025-12-27 00:05:57,180 - DEBUG - Найдено соответствие для MP. Посылка 1: B, Посылка с правилом вывода: (B → (((¬A → B) → C) → B)), Новая посылка: (((¬A → B) → C) → B)
2025-12-27 00:05:57,187 - DEBUG - Найдено соответствие для MP. Посылка 1: C, Посылка с правилом вывода: (C → (¬A → C)), Новая посылка: (¬A → C)
2025-12-27 00:05:57,202 - DEBUG - Найдено соответствие для MP. Посылка 1: B, Посылка с правилом вывода: (B → (((B → C) → ((¬A → B) → C)) → B)), Новая посылка: (((B → C) → ((¬A → B) → C)) → B)
2025-12-27 00:05:57,219 - DEBUG - Найдено соответствие для MP. Посылка 1: B, Посылка с правилом вывода: (B → ((A → C) → B)), Новая посылка: ((A → C) → B)
2025-12-27 00:05:57,245 - DEBUG - Найдено соответствие для MP. Посылка 1: C, Посылка с правилом вывода: (C → (C → C)), Новая посылка: (C → C)
2025-12-27 00:05:57,254 - DEBUG - Найдено соответствие для MP. Посылка 1: ((¬A → B) → C), Посылка с правилом вывода: (((¬A → B) → C) → (((¬A → B) → C) → ((¬A → B) → C))), Новая посылка: (((¬A → B) → C) → ((¬A → B) → C))
2025-12-27 00:05:57,285 - DEBUG - Найдено соответствие для MP. Посылка 1: ((B → C) → ((¬A → B) → C)), Посылка с правилом вывода: (((B → C) → ((¬A → B) → C)) → (A → ((B → C) → ((¬A → B) → C)))), Новая посылка: (A → ((B → C) → ((¬A → B) → C)))
2025-12-27 00:05:57,446 - INFO - ===================Алгоритм доказал формулу=====================
2025-12-27 00:05:57,447 - INFO - Формула была выведена: ((A → C) → ((B → C) → ((¬A → B) → C)))
